  stdafx.cpp
E:\2ITSOURCE2026\CSCommon\Include\MCommandParameter.h(107,41): warning C4996: 'sprintf': This function or variable may be unsafe. Consider using sprintf_s instead. To disable deprecation, use _CRT_SECURE_NO_WARNINGS. See online help for details.
  (compiling source file '../CSCommon/Source/stdafx.cpp')
  
E:\2ITSOURCE2026\CSCommon\Include\MCommandParameter.h(125,41): warning C4996: 'sprintf': This function or variable may be unsafe. Consider using sprintf_s instead. To disable deprecation, use _CRT_SECURE_NO_WARNINGS. See online help for details.
  (compiling source file '../CSCommon/Source/stdafx.cpp')
  
E:\2ITSOURCE2026\CSCommon\Include\MCommandParameter.h(143,41): warning C4996: 'sprintf': This function or variable may be unsafe. Consider using sprintf_s instead. To disable deprecation, use _CRT_SECURE_NO_WARNINGS. See online help for details.
  (compiling source file '../CSCommon/Source/stdafx.cpp')
  
E:\2ITSOURCE2026\CSCommon\Include\MCommandParameter.h(169,5): warning C4996: 'strcpy': This function or variable may be unsafe. Consider using strcpy_s instead. To disable deprecation, use _CRT_SECURE_NO_WARNINGS. See online help for details.
  (compiling source file '../CSCommon/Source/stdafx.cpp')
  
E:\2ITSOURCE2026\CSCommon\Include\MCommandParameter.h(171,5): warning C4996: 'strcpy': This function or variable may be unsafe. Consider using strcpy_s instead. To disable deprecation, use _CRT_SECURE_NO_WARNINGS. See online help for details.
  (compiling source file '../CSCommon/Source/stdafx.cpp')
  
E:\2ITSOURCE2026\CSCommon\Include\MCommandParameter.h(194,41): warning C4996: 'sprintf': This function or variable may be unsafe. Consider using sprintf_s instead. To disable deprecation, use _CRT_SECURE_NO_WARNINGS. See online help for details.
  (compiling source file '../CSCommon/Source/stdafx.cpp')
  
E:\2ITSOURCE2026\CSCommon\Include\MCommandParameter.h(246,59): warning C4996: 'strcpy': This function or variable may be unsafe. Consider using strcpy_s instead. To disable deprecation, use _CRT_SECURE_NO_WARNINGS. See online help for details.
  (compiling source file '../CSCommon/Source/stdafx.cpp')
  
E:\2ITSOURCE2026\CSCommon\Include\MCommandParameter.h(265,41): warning C4996: 'sprintf': This function or variable may be unsafe. Consider using sprintf_s instead. To disable deprecation, use _CRT_SECURE_NO_WARNINGS. See online help for details.
  (compiling source file '../CSCommon/Source/stdafx.cpp')
  
E:\2ITSOURCE2026\CSCommon\Include\MCommandParameter.h(284,41): warning C4996: 'sprintf': This function or variable may be unsafe. Consider using sprintf_s instead. To disable deprecation, use _CRT_SECURE_NO_WARNINGS. See online help for details.
  (compiling source file '../CSCommon/Source/stdafx.cpp')
  
E:\2ITSOURCE2026\CSCommon\Include\MCommandParameter.h(307,41): warning C4996: 'sprintf': This function or variable may be unsafe. Consider using sprintf_s instead. To disable deprecation, use _CRT_SECURE_NO_WARNINGS. See online help for details.
  (compiling source file '../CSCommon/Source/stdafx.cpp')
  
E:\2ITSOURCE2026\CSCommon\Include\MCommandParameter.h(327,41): warning C4996: 'sprintf': This function or variable may be unsafe. Consider using sprintf_s instead. To disable deprecation, use _CRT_SECURE_NO_WARNINGS. See online help for details.
  (compiling source file '../CSCommon/Source/stdafx.cpp')
  
E:\2ITSOURCE2026\CSCommon\Include\MCommandParameter.h(347,41): warning C4996: 'sprintf': This function or variable may be unsafe. Consider using sprintf_s instead. To disable deprecation, use _CRT_SECURE_NO_WARNINGS. See online help for details.
  (compiling source file '../CSCommon/Source/stdafx.cpp')
  
E:\2ITSOURCE2026\CSCommon\Include\MCommandParameter.h(366,41): warning C4996: 'sprintf': This function or variable may be unsafe. Consider using sprintf_s instead. To disable deprecation, use _CRT_SECURE_NO_WARNINGS. See online help for details.
  (compiling source file '../CSCommon/Source/stdafx.cpp')
  
E:\2ITSOURCE2026\CSCommon\Include\MCommandParameter.h(386,41): warning C4996: 'sprintf': This function or variable may be unsafe. Consider using sprintf_s instead. To disable deprecation, use _CRT_SECURE_NO_WARNINGS. See online help for details.
  (compiling source file '../CSCommon/Source/stdafx.cpp')
  
E:\2ITSOURCE2026\CSCommon\Include\MCommandParameter.h(405,41): warning C4996: 'sprintf': This function or variable may be unsafe. Consider using sprintf_s instead. To disable deprecation, use _CRT_SECURE_NO_WARNINGS. See online help for details.
  (compiling source file '../CSCommon/Source/stdafx.cpp')
  
E:\2ITSOURCE2026\CSCommon\Include\MCommandParameter.h(428,41): warning C4996: 'sprintf': This function or variable may be unsafe. Consider using sprintf_s instead. To disable deprecation, use _CRT_SECURE_NO_WARNINGS. See online help for details.
  (compiling source file '../CSCommon/Source/stdafx.cpp')
  
E:\2ITSOURCE2026\CML\Include\MSync.h(39,3): warning C4996: 'strcpy': This function or variable may be unsafe. Consider using strcpy_s instead. To disable deprecation, use _CRT_SECURE_NO_WARNINGS. See online help for details.
  (compiling source file '../CSCommon/Source/stdafx.cpp')
  
E:\2ITSOURCE2026\CSCommon\Include\MTCPSocket.h(219,36): warning C4996: 'inet_ntoa': Use inet_ntop() or InetNtop() instead or define _WINSOCK_DEPRECATED_NO_WARNINGS to disable deprecated API warnings
  (compiling source file '../CSCommon/Source/stdafx.cpp')
  
E:\2ITSOURCE2026\CSCommon\Include\MCommandCommunicator.h(56,3): warning C4996: 'strcpy': This function or variable may be unsafe. Consider using strcpy_s instead. To disable deprecation, use _CRT_SECURE_NO_WARNINGS. See online help for details.
  (compiling source file '../CSCommon/Source/stdafx.cpp')
  
E:\2ITSOURCE2026\CSCommon\Include\MCommandCommunicator.h(57,12): warning C4996: 'inet_addr': Use inet_pton() or InetPton() instead or define _WINSOCK_DEPRECATED_NO_WARNINGS to disable deprecated API warnings
  (compiling source file '../CSCommon/Source/stdafx.cpp')
  
E:\2ITSOURCE2026\CSCommon\Include\RealCPNet.h(35,14): warning C4091: 'typedef ': ignored on left of 'RCP_IO_OPERATION' when no variable is declared
  (compiling source file '../CSCommon/Source/stdafx.cpp')
  
E:\2ITSOURCE2026\CSCommon\Include\RealCPNet.h(152,33): warning C4996: 'inet_ntoa': Use inet_ntop() or InetNtop() instead or define _WINSOCK_DEPRECATED_NO_WARNINGS to disable deprecated API warnings
  (compiling source file '../CSCommon/Source/stdafx.cpp')
  
E:\2ITSOURCE2026\CSCommon\Include\MServer.h(69,32): warning C4996: 'strcpy': This function or variable may be unsafe. Consider using strcpy_s instead. To disable deprecation, use _CRT_SECURE_NO_WARNINGS. See online help for details.
  (compiling source file '../CSCommon/Source/stdafx.cpp')
  
E:\2ITSOURCE2026\CSCommon\MFeatureDefine.h(21,9): warning C4005: '_QUEST_ITEM': macro redefinition
  (compiling source file '../CSCommon/Source/stdafx.cpp')
      E:\2ITSOURCE2026\CSCommon\Include\stdafx.h(61,9):
      see previous definition of '_QUEST_ITEM'
  
E:\2ITSOURCE2026\CSCommon\MFeatureDefine.h(22,9): warning C4005: '_MONSTER_BIBLE': macro redefinition
  (compiling source file '../CSCommon/Source/stdafx.cpp')
      E:\2ITSOURCE2026\CSCommon\Include\stdafx.h(62,9):
      see previous definition of '_MONSTER_BIBLE'
  
E:\2ITSOURCE2026\CSCommon\Include\MMatchItem.h(146,1): warning C4067: unexpected tokens following preprocessor directive - expected a newline
  (compiling source file '../CSCommon/Source/stdafx.cpp')
  
E:\2ITSOURCE2026\MCountryFilter\Include\MCountryFilter.h(77,15): warning C4996: 'stricmp': The POSIX name for this item is deprecated. Instead, use the ISO C and C++ conformant name: _stricmp. See online help for details.
  (compiling source file '../CSCommon/Source/stdafx.cpp')
  
E:\2ITSOURCE2026\CSCommon\Include\MBaseGameType.h(241,2): warning C4996: 'strcpy': This function or variable may be unsafe. Consider using strcpy_s instead. To disable deprecation, use _CRT_SECURE_NO_WARNINGS. See online help for details.
  (compiling source file '../CSCommon/Source/stdafx.cpp')
  
E:\2ITSOURCE2026\CSCommon\Include\MMatchObject.h(918,1): warning C4067: unexpected tokens following preprocessor directive - expected a newline
  (compiling source file '../CSCommon/Source/stdafx.cpp')
  
E:\2ITSOURCE2026\CSCommon\Include\MMatchObject.h(1130,1): warning C4067: unexpected tokens following preprocessor directive - expected a newline
  (compiling source file '../CSCommon/Source/stdafx.cpp')
  
E:\2ITSOURCE2026\CSCommon\Include\MMatchObject.h(936,80): warning C4996: 'strcpy': This function or variable may be unsafe. Consider using strcpy_s instead. To disable deprecation, use _CRT_SECURE_NO_WARNINGS. See online help for details.
  (compiling source file '../CSCommon/Source/stdafx.cpp')
  
E:\2ITSOURCE2026\CSCommon\Include\MMatchStageSetting.h(93,1): warning C4067: unexpected tokens following preprocessor directive - expected a newline
  (compiling source file '../CSCommon/Source/stdafx.cpp')
  
E:\2ITSOURCE2026\CSCommon\Include\MMatchStageSetting.h(145,1): warning C4067: unexpected tokens following preprocessor directive - expected a newline
  (compiling source file '../CSCommon/Source/stdafx.cpp')
  
E:\2ITSOURCE2026\CSCommon\Include\MMatchStageSetting.h(252,1): warning C4067: unexpected tokens following preprocessor directive - expected a newline
  (compiling source file '../CSCommon/Source/stdafx.cpp')
  
E:\2ITSOURCE2026\CSCommon\Include\MMatchStageSetting.h(324,1): warning C4067: unexpected tokens following preprocessor directive - expected a newline
  (compiling source file '../CSCommon/Source/stdafx.cpp')
  
E:\2ITSOURCE2026\CSCommon\Include\MAgentObject.h(23,3): warning C4996: 'strcpy': This function or variable may be unsafe. Consider using strcpy_s instead. To disable deprecation, use _CRT_SECURE_NO_WARNINGS. See online help for details.
  (compiling source file '../CSCommon/Source/stdafx.cpp')
  
E:\2ITSOURCE2026\CSCommon\Include\MQuestNPC.h(184,3): warning C4996: 'strcpy': This function or variable may be unsafe. Consider using strcpy_s instead. To disable deprecation, use _CRT_SECURE_NO_WARNINGS. See online help for details.
  (compiling source file '../CSCommon/Source/stdafx.cpp')
  
E:\2ITSOURCE2026\CSCommon\Include\MQuestDropTable.h(59,37): warning C4996: 'strcpy': This function or variable may be unsafe. Consider using strcpy_s instead. To disable deprecation, use _CRT_SECURE_NO_WARNINGS. See online help for details.
  (compiling source file '../CSCommon/Source/stdafx.cpp')
  
E:\2ITSOURCE2026\CSCommon\Include\MMatchRule.h(144,1): warning C4067: unexpected tokens following preprocessor directive - expected a newline
  (compiling source file '../CSCommon/Source/stdafx.cpp')
  
E:\2ITSOURCE2026\CSCommon\Include\MMatchTransDataType.h(391,1): warning C4067: unexpected tokens following preprocessor directive - expected a newline
  (compiling source file '../CSCommon/Source/stdafx.cpp')
  
E:\2ITSOURCE2026\CSCommon\Include\MMatchWorldItem.h(94,1): warning C4067: unexpected tokens following preprocessor directive - expected a newline
  (compiling source file '../CSCommon/Source/stdafx.cpp')
  
E:\2ITSOURCE2026\CSCommon\Include\MMatchWorldItem.h(124,1): warning C4067: unexpected tokens following preprocessor directive - expected a newline
  (compiling source file '../CSCommon/Source/stdafx.cpp')
  
E:\2ITSOURCE2026\CSCommon\Include\MMatchStage.h(23,1): warning C4067: unexpected tokens following preprocessor directive - expected a newline
  (compiling source file '../CSCommon/Source/stdafx.cpp')
  
E:\2ITSOURCE2026\CSCommon\Include\MMatchStage.h(191,1): warning C4067: unexpected tokens following preprocessor directive - expected a newline
  (compiling source file '../CSCommon/Source/stdafx.cpp')
  
E:\2ITSOURCE2026\CSCommon\Include\MMatchStage.h(335,1): warning C4067: unexpected tokens following preprocessor directive - expected a newline
  (compiling source file '../CSCommon/Source/stdafx.cpp')
  
E:\2ITSOURCE2026\CSCommon\Include\MMatchStage.h(263,46): warning C4996: 'strcpy': This function or variable may be unsafe. Consider using strcpy_s instead. To disable deprecation, use _CRT_SECURE_NO_WARNINGS. See online help for details.
  (compiling source file '../CSCommon/Source/stdafx.cpp')
  
E:\2ITSOURCE2026\CSCommon\Include\MMatchStage.h(272,43): warning C4996: 'strcpy': This function or variable may be unsafe. Consider using strcpy_s instead. To disable deprecation, use _CRT_SECURE_NO_WARNINGS. See online help for details.
  (compiling source file '../CSCommon/Source/stdafx.cpp')
  
E:\2ITSOURCE2026\CSCommon\Include\MMatchStage.h(450,63): warning C4996: 'strcpy': This function or variable may be unsafe. Consider using strcpy_s instead. To disable deprecation, use _CRT_SECURE_NO_WARNINGS. See online help for details.
  (compiling source file '../CSCommon/Source/stdafx.cpp')
  
E:\2ITSOURCE2026\SafeUDP\Include\MSafeUDP.h(111,35): warning C4996: 'inet_ntoa': Use inet_ntop() or InetNtop() instead or define _WINSOCK_DEPRECATED_NO_WARNINGS to disable deprecated API warnings
  (compiling source file '../CSCommon/Source/stdafx.cpp')
  
E:\2ITSOURCE2026\SafeUDP\Include\MSafeUDP.h(237,36): warning C4996: 'inet_ntoa': Use inet_ntop() or InetNtop() instead or define _WINSOCK_DEPRECATED_NO_WARNINGS to disable deprecated API warnings
  (compiling source file '../CSCommon/Source/stdafx.cpp')
  
E:\2ITSOURCE2026\CSCommon\Include\MMatchShutdown.h(20,3): warning C4996: 'strncpy': This function or variable may be unsafe. Consider using strncpy_s instead. To disable deprecation, use _CRT_SECURE_NO_WARNINGS. See online help for details.
  (compiling source file '../CSCommon/Source/stdafx.cpp')
  
E:\2ITSOURCE2026\CSCommon\Include\MHackingCharList.h(49,14): warning C4996: 'fopen': This function or variable may be unsafe. Consider using fopen_s instead. To disable deprecation, use _CRT_SECURE_NO_WARNINGS. See online help for details.
  (compiling source file '../CSCommon/Source/stdafx.cpp')
  
E:\2ITSOURCE2026\CSCommon\Include\MMatchServer.h(355,1): warning C4067: unexpected tokens following preprocessor directive - expected a newline
  (compiling source file '../CSCommon/Source/stdafx.cpp')
  
E:\2ITSOURCE2026\CSCommon\Include\MMatchServer.h(398,1): warning C4067: unexpected tokens following preprocessor directive - expected a newline
  (compiling source file '../CSCommon/Source/stdafx.cpp')
  
E:\2ITSOURCE2026\CSCommon\Include\MMatchServer.h(448,1): warning C4067: unexpected tokens following preprocessor directive - expected a newline
  (compiling source file '../CSCommon/Source/stdafx.cpp')
  
E:\2ITSOURCE2026\CSCommon\Include\MMatchServer.h(738,1): warning C4067: unexpected tokens following preprocessor directive - expected a newline
  (compiling source file '../CSCommon/Source/stdafx.cpp')
  
E:\2ITSOURCE2026\CSCommon\Include\MMatchServer.h(324,53): warning C4996: 'strcpy': This function or variable may be unsafe. Consider using strcpy_s instead. To disable deprecation, use _CRT_SECURE_NO_WARNINGS. See online help for details.
  (compiling source file '../CSCommon/Source/stdafx.cpp')
  
E:\2ITSOURCE2026\CSCommon\Include\MMatchServer.h(326,56): warning C4996: 'strcpy': This function or variable may be unsafe. Consider using strcpy_s instead. To disable deprecation, use _CRT_SECURE_NO_WARNINGS. See online help for details.
  (compiling source file '../CSCommon/Source/stdafx.cpp')
  
E:\2ITSOURCE2026\CSCommon\Include\MMatchObjCache.h(77,3): warning C4996: 'strcpy': This function or variable may be unsafe. Consider using strcpy_s instead. To disable deprecation, use _CRT_SECURE_NO_WARNINGS. See online help for details.
  (compiling source file '../CSCommon/Source/stdafx.cpp')
  
E:\2ITSOURCE2026\CSCommon\Include\MMatchObjCache.h(78,3): warning C4996: 'strcpy': This function or variable may be unsafe. Consider using strcpy_s instead. To disable deprecation, use _CRT_SECURE_NO_WARNINGS. See online help for details.
  (compiling source file '../CSCommon/Source/stdafx.cpp')
  
E:\2ITSOURCE2026\CSCommon\Include\MMatchClient.h(249,3): warning C4996: 'strcpy': This function or variable may be unsafe. Consider using strcpy_s instead. To disable deprecation, use _CRT_SECURE_NO_WARNINGS. See online help for details.
  (compiling source file '../CSCommon/Source/stdafx.cpp')
  
E:\2ITSOURCE2026\CSCommon\Include\MMatchClient.h(269,3): warning C4996: 'strcpy': This function or variable may be unsafe. Consider using strcpy_s instead. To disable deprecation, use _CRT_SECURE_NO_WARNINGS. See online help for details.
  (compiling source file '../CSCommon/Source/stdafx.cpp')
  
E:\2ITSOURCE2026\CSCommon\Include\MMatchClient.h(280,3): warning C4996: 'strcpy': This function or variable may be unsafe. Consider using strcpy_s instead. To disable deprecation, use _CRT_SECURE_NO_WARNINGS. See online help for details.
  (compiling source file '../CSCommon/Source/stdafx.cpp')
  
  MAsyncDBJob_LadderWars.cpp
E:\2ITSOURCE2026\CSCommon\Include\MAsyncDBJob.h(253,3): warning C4996: 'strcpy': This function or variable may be unsafe. Consider using strcpy_s instead. To disable deprecation, use _CRT_SECURE_NO_WARNINGS. See online help for details.
  (compiling source file '/LadderWars/MAsyncDBJob_LadderWars.cpp')
  
E:\2ITSOURCE2026\CSCommon\Include\MAsyncDBJob.h(292,3): warning C4996: 'strcpy': This function or variable may be unsafe. Consider using strcpy_s instead. To disable deprecation, use _CRT_SECURE_NO_WARNINGS. See online help for details.
  (compiling source file '/LadderWars/MAsyncDBJob_LadderWars.cpp')
  
  MLadderWarsMgr.cpp
E:\2ITSOURCE2026\CSCommon\LadderWars\MLadderWarsMgr.cpp(13,2): warning C4996: 'sprintf': This function or variable may be unsafe. Consider using sprintf_s instead. To disable deprecation, use _CRT_SECURE_NO_WARNINGS. See online help for details.
  (compiling source file '/LadderWars/MLadderWarsMgr.cpp')
  
E:\2ITSOURCE2026\CSCommon\LadderWars\MLadderWarsMgr.cpp(299,20): warning C4244: 'initializing': conversion from 'float' to 'int', possible loss of data
  (compiling source file '/LadderWars/MLadderWarsMgr.cpp')
  
  MMatchServer_LadderWars.cpp
E:\2ITSOURCE2026\CSCommon\Include\MAsyncDBJob.h(253,3): warning C4996: 'strcpy': This function or variable may be unsafe. Consider using strcpy_s instead. To disable deprecation, use _CRT_SECURE_NO_WARNINGS. See online help for details.
  (compiling source file '/LadderWars/MMatchServer_LadderWars.cpp')
  
E:\2ITSOURCE2026\CSCommon\Include\MAsyncDBJob.h(292,3): warning C4996: 'strcpy': This function or variable may be unsafe. Consider using strcpy_s instead. To disable deprecation, use _CRT_SECURE_NO_WARNINGS. See online help for details.
  (compiling source file '/LadderWars/MMatchServer_LadderWars.cpp')
  
E:\2ITSOURCE2026\CSCommon\LadderWars\MMatchServer_LadderWars.cpp(13,2): warning C4996: 'sprintf': This function or variable may be unsafe. Consider using sprintf_s instead. To disable deprecation, use _CRT_SECURE_NO_WARNINGS. See online help for details.
  (compiling source file '/LadderWars/MMatchServer_LadderWars.cpp')
  
E:\2ITSOURCE2026\CSCommon\LadderWars\MMatchServer_LadderWars.cpp(64,19): warning C4244: 'initializing': conversion from 'float' to 'int', possible loss of data
  (compiling source file '/LadderWars/MMatchServer_LadderWars.cpp')
  
E:\2ITSOURCE2026\CSCommon\LadderWars\MMatchServer_LadderWars.cpp(337,12): warning C4244: 'initializing': conversion from 'float' to 'int', possible loss of data
  (compiling source file '/LadderWars/MMatchServer_LadderWars.cpp')
  
E:\2ITSOURCE2026\CSCommon\LadderWars\MMatchServer_LadderWars.cpp(352,47): warning C4244: 'argument': conversion from 'float' to 'int', possible loss of data
  (compiling source file '/LadderWars/MMatchServer_LadderWars.cpp')
  
E:\2ITSOURCE2026\CSCommon\LadderWars\MMatchServer_LadderWars.cpp(365,47): warning C4244: 'argument': conversion from 'float' to 'int', possible loss of data
  (compiling source file '/LadderWars/MMatchServer_LadderWars.cpp')
  
E:\2ITSOURCE2026\CSCommon\LadderWars\MMatchServer_LadderWars.cpp(385,64): warning C4244: 'argument': conversion from 'float' to 'int', possible loss of data
  (compiling source file '/LadderWars/MMatchServer_LadderWars.cpp')
  
E:\2ITSOURCE2026\CSCommon\LadderWars\MMatchServer_LadderWars.cpp(396,64): warning C4244: 'argument': conversion from 'float' to 'int', possible loss of data
  (compiling source file '/LadderWars/MMatchServer_LadderWars.cpp')
  
E:\2ITSOURCE2026\CSCommon\LadderWars\MMatchServer_LadderWars.cpp(381,5): warning C4996: 'sprintf': This function or variable may be unsafe. Consider using sprintf_s instead. To disable deprecation, use _CRT_SECURE_NO_WARNINGS. See online help for details.
  (compiling source file '/LadderWars/MMatchServer_LadderWars.cpp')
  
E:\2ITSOURCE2026\CSCommon\LadderWars\MMatchServer_LadderWars.cpp(382,5): warning C4996: 'strcat': This function or variable may be unsafe. Consider using strcat_s instead. To disable deprecation, use _CRT_SECURE_NO_WARNINGS. See online help for details.
  (compiling source file '/LadderWars/MMatchServer_LadderWars.cpp')
  
E:\2ITSOURCE2026\CSCommon\LadderWars\MMatchServer_LadderWars.cpp(383,5): warning C4996: 'strcat': This function or variable may be unsafe. Consider using strcat_s instead. To disable deprecation, use _CRT_SECURE_NO_WARNINGS. See online help for details.
  (compiling source file '/LadderWars/MMatchServer_LadderWars.cpp')
  
E:\2ITSOURCE2026\CSCommon\LadderWars\MMatchServer_LadderWars.cpp(392,5): warning C4996: 'sprintf': This function or variable may be unsafe. Consider using sprintf_s instead. To disable deprecation, use _CRT_SECURE_NO_WARNINGS. See online help for details.
  (compiling source file '/LadderWars/MMatchServer_LadderWars.cpp')
  
E:\2ITSOURCE2026\CSCommon\LadderWars\MMatchServer_LadderWars.cpp(393,5): warning C4996: 'strcat': This function or variable may be unsafe. Consider using strcat_s instead. To disable deprecation, use _CRT_SECURE_NO_WARNINGS. See online help for details.
  (compiling source file '/LadderWars/MMatchServer_LadderWars.cpp')
  
E:\2ITSOURCE2026\CSCommon\LadderWars\MMatchServer_LadderWars.cpp(394,5): warning C4996: 'strcat': This function or variable may be unsafe. Consider using strcat_s instead. To disable deprecation, use _CRT_SECURE_NO_WARNINGS. See online help for details.
  (compiling source file '/LadderWars/MMatchServer_LadderWars.cpp')
  
  MMatchGunGame.cpp
E:\2ITSOURCE2026\CSCommon\MMatchGunGame.cpp(45,9): warning C4996: 'stricmp': The POSIX name for this item is deprecated. Instead, use the ISO C and C++ conformant name: _stricmp. See online help for details.
  (compiling source file '/MMatchGunGame.cpp')
  
E:\2ITSOURCE2026\CSCommon\MMatchGunGame.cpp(49,14): warning C4996: 'stricmp': The POSIX name for this item is deprecated. Instead, use the ISO C and C++ conformant name: _stricmp. See online help for details.
  (compiling source file '/MMatchGunGame.cpp')
  
E:\2ITSOURCE2026\CSCommon\MMatchGunGame.cpp(78,10): warning C4996: 'stricmp': The POSIX name for this item is deprecated. Instead, use the ISO C and C++ conformant name: _stricmp. See online help for details.
  (compiling source file '/MMatchGunGame.cpp')
  
E:\2ITSOURCE2026\CSCommon\MMatchGunGame.cpp(87,11): warning C4996: 'stricmp': The POSIX name for this item is deprecated. Instead, use the ISO C and C++ conformant name: _stricmp. See online help for details.
  (compiling source file '/MMatchGunGame.cpp')
  
E:\2ITSOURCE2026\CSCommon\MMatchGunGame.cpp(91,16): warning C4996: 'stricmp': The POSIX name for this item is deprecated. Instead, use the ISO C and C++ conformant name: _stricmp. See online help for details.
  (compiling source file '/MMatchGunGame.cpp')
  
E:\2ITSOURCE2026\CSCommon\MMatchGunGame.cpp(95,16): warning C4996: 'stricmp': The POSIX name for this item is deprecated. Instead, use the ISO C and C++ conformant name: _stricmp. See online help for details.
  (compiling source file '/MMatchGunGame.cpp')
  
E:\2ITSOURCE2026\CSCommon\MMatchGunGame.cpp(114,23): warning C4996: 'stricmp': The POSIX name for this item is deprecated. Instead, use the ISO C and C++ conformant name: _stricmp. See online help for details.
  (compiling source file '/MMatchGunGame.cpp')
  
E:\2ITSOURCE2026\CSCommon\MMatchGunGame.cpp(131,20): warning C4018: '<': signed/unsigned mismatch
  (compiling source file '/MMatchGunGame.cpp')
  
E:\2ITSOURCE2026\CSCommon\MMatchGunGame.cpp(137,22): warning C4018: '<': signed/unsigned mismatch
  (compiling source file '/MMatchGunGame.cpp')
  
E:\2ITSOURCE2026\CSCommon\MMatchGunGame.cpp(170,20): warning C4018: '<': signed/unsigned mismatch
  (compiling source file '/MMatchGunGame.cpp')
  
  MMatchRuleCustomGame.cpp
  GlobalSubtitutes.cpp
  MActorDef.cpp
E:\2ITSOURCE2026\CSCommon\Source\MActorDef.cpp(80,8): warning C4996: 'stricmp': The POSIX name for this item is deprecated. Instead, use the ISO C and C++ conformant name: _stricmp. See online help for details.
  (compiling source file '/Source/MActorDef.cpp')
  
E:\2ITSOURCE2026\CSCommon\Source\MActorDef.cpp(112,13): warning C4996: 'stricmp': The POSIX name for this item is deprecated. Instead, use the ISO C and C++ conformant name: _stricmp. See online help for details.
  (compiling source file '/Source/MActorDef.cpp')
  
E:\2ITSOURCE2026\CSCommon\Source\MActorDef.cpp(114,18): warning C4996: 'stricmp': The POSIX name for this item is deprecated. Instead, use the ISO C and C++ conformant name: _stricmp. See online help for details.
  (compiling source file '/Source/MActorDef.cpp')
  
E:\2ITSOURCE2026\CSCommon\Source\MActorDef.cpp(123,13): warning C4996: 'stricmp': The POSIX name for this item is deprecated. Instead, use the ISO C and C++ conformant name: _stricmp. See online help for details.
  (compiling source file '/Source/MActorDef.cpp')
  
  MagicMap.cpp
  MCommand.cpp
E:\2ITSOURCE2026\CSCommon\Source\MCommand.cpp(9,2): warning C4996: 'strcpy': This function or variable may be unsafe. Consider using strcpy_s instead. To disable deprecation, use _CRT_SECURE_NO_WARNINGS. See online help for details.
  (compiling source file '/Source/MCommand.cpp')
  
E:\2ITSOURCE2026\CSCommon\Source\MCommand.cpp(11,2): warning C4996: 'strcpy': This function or variable may be unsafe. Consider using strcpy_s instead. To disable deprecation, use _CRT_SECURE_NO_WARNINGS. See online help for details.
  (compiling source file '/Source/MCommand.cpp')
  
E:\2ITSOURCE2026\CSCommon\Source\MCommand.cpp(169,4): warning C4996: 'strcpy': This function or variable may be unsafe. Consider using strcpy_s instead. To disable deprecation, use _CRT_SECURE_NO_WARNINGS. See online help for details.
  (compiling source file '/Source/MCommand.cpp')
  
E:\2ITSOURCE2026\CSCommon\Source\MCommand.cpp(176,4): warning C4996: 'strncpy': This function or variable may be unsafe. Consider using strncpy_s instead. To disable deprecation, use _CRT_SECURE_NO_WARNINGS. See online help for details.
  (compiling source file '/Source/MCommand.cpp')
  
  MCommandBuilder.cpp
  MCommandManager.cpp
E:\2ITSOURCE2026\CSCommon\Source\MCommandManager.cpp(126,2): warning C4996: 'sprintf': This function or variable may be unsafe. Consider using sprintf_s instead. To disable deprecation, use _CRT_SECURE_NO_WARNINGS. See online help for details.
  (compiling source file '/Source/MCommandManager.cpp')
  
E:\2ITSOURCE2026\CSCommon\Source\MCommandManager.cpp(129,3): warning C4996: 'sprintf': This function or variable may be unsafe. Consider using sprintf_s instead. To disable deprecation, use _CRT_SECURE_NO_WARNINGS. See online help for details.
  (compiling source file '/Source/MCommandManager.cpp')
  
E:\2ITSOURCE2026\CSCommon\Source\MCommandManager.cpp(157,2): warning C4996: 'strcpy': This function or variable may be unsafe. Consider using strcpy_s instead. To disable deprecation, use _CRT_SECURE_NO_WARNINGS. See online help for details.
  (compiling source file '/Source/MCommandManager.cpp')
  
E:\2ITSOURCE2026\CSCommon\Source\MCommandManager.cpp(162,3): warning C4996: 'strcpy': This function or variable may be unsafe. Consider using strcpy_s instead. To disable deprecation, use _CRT_SECURE_NO_WARNINGS. See online help for details.
  (compiling source file '/Source/MCommandManager.cpp')
  
E:\2ITSOURCE2026\CSCommon\Source\MCommandManager.cpp(171,6): warning C4996: 'stricmp': The POSIX name for this item is deprecated. Instead, use the ISO C and C++ conformant name: _stricmp. See online help for details.
  (compiling source file '/Source/MCommandManager.cpp')
  
E:\2ITSOURCE2026\CSCommon\Source\MCommandManager.cpp(281,6): warning C4996: 'sprintf': This function or variable may be unsafe. Consider using sprintf_s instead. To disable deprecation, use _CRT_SECURE_NO_WARNINGS. See online help for details.
  (compiling source file '/Source/MCommandManager.cpp')
  
  MCommandParameter.cpp
E:\2ITSOURCE2026\CSCommon\Source\MCommandParameter.cpp(89,2): warning C4996: 'strcpy': This function or variable may be unsafe. Consider using strcpy_s instead. To disable deprecation, use _CRT_SECURE_NO_WARNINGS. See online help for details.
  (compiling source file '/Source/MCommandParameter.cpp')
  
E:\2ITSOURCE2026\CSCommon\Source\MCommandParameter.cpp(226,2): warning C4996: 'strcpy': This function or variable may be unsafe. Consider using strcpy_s instead. To disable deprecation, use _CRT_SECURE_NO_WARNINGS. See online help for details.
  (compiling source file '/Source/MCommandParameter.cpp')
  
E:\2ITSOURCE2026\CSCommon\Source\MCommandParameter.cpp(241,2): warning C4996: 'strcpy': This function or variable may be unsafe. Consider using strcpy_s instead. To disable deprecation, use _CRT_SECURE_NO_WARNINGS. See online help for details.
  (compiling source file '/Source/MCommandParameter.cpp')
  
E:\2ITSOURCE2026\CSCommon\Source\MCommandParameter.cpp(435,33): warning C4018: '>': signed/unsigned mismatch
  (compiling source file '/Source/MCommandParameter.cpp')
  
  MCommandProfiler.cpp
E:\2ITSOURCE2026\CSCommon\Source\MCommandProfiler.cpp(33,13): warning C4996: 'fopen': This function or variable may be unsafe. Consider using fopen_s instead. To disable deprecation, use _CRT_SECURE_NO_WARNINGS. See online help for details.
  (compiling source file '/Source/MCommandProfiler.cpp')
  
E:\2ITSOURCE2026\CSCommon\Source\MCommandProfiler.cpp(55,2): warning C4996: 'itoa': The POSIX name for this item is deprecated. Instead, use the ISO C and C++ conformant name: _itoa. See online help for details.
  (compiling source file '/Source/MCommandProfiler.cpp')
  
E:\2ITSOURCE2026\CSCommon\Source\MCommandProfiler.cpp(158,5): warning C4996: 'strcpy': This function or variable may be unsafe. Consider using strcpy_s instead. To disable deprecation, use _CRT_SECURE_NO_WARNINGS. See online help for details.
  (compiling source file '/Source/MCommandProfiler.cpp')
  
E:\2ITSOURCE2026\CSCommon\Source\MCommandProfiler.cpp(209,4): warning C4996: 'sprintf': This function or variable may be unsafe. Consider using sprintf_s instead. To disable deprecation, use _CRT_SECURE_NO_WARNINGS. See online help for details.
  (compiling source file '/Source/MCommandProfiler.cpp')
  
E:\2ITSOURCE2026\CSCommon\Source\MCommandProfiler.cpp(221,4): warning C4996: 'sprintf': This function or variable may be unsafe. Consider using sprintf_s instead. To disable deprecation, use _CRT_SECURE_NO_WARNINGS. See online help for details.
  (compiling source file '/Source/MCommandProfiler.cpp')
  
E:\2ITSOURCE2026\CSCommon\Source\MCommandProfiler.cpp(230,4): warning C4996: 'sprintf': This function or variable may be unsafe. Consider using sprintf_s instead. To disable deprecation, use _CRT_SECURE_NO_WARNINGS. See online help for details.
  (compiling source file '/Source/MCommandProfiler.cpp')
  
E:\2ITSOURCE2026\CSCommon\Source\MCommandProfiler.cpp(243,4): warning C4996: 'sprintf': This function or variable may be unsafe. Consider using sprintf_s instead. To disable deprecation, use _CRT_SECURE_NO_WARNINGS. See online help for details.
  (compiling source file '/Source/MCommandProfiler.cpp')
  
  MDropGunGameManager.cpp
E:\2ITSOURCE2026\CSCommon\Source\MDropGunGameManager.cpp(256,8): warning C4996: 'stricmp': The POSIX name for this item is deprecated. Instead, use the ISO C and C++ conformant name: _stricmp. See online help for details.
  (compiling source file '/Source/MDropGunGameManager.cpp')
  
E:\2ITSOURCE2026\CSCommon\Source\MDropGunGameManager.cpp(328,18): warning C4244: '=': conversion from 'double' to 'float', possible loss of data
  (compiling source file '/Source/MDropGunGameManager.cpp')
  
E:\2ITSOURCE2026\CSCommon\Source\MDropGunGameManager.cpp(333,18): warning C4244: '=': conversion from 'double' to 'float', possible loss of data
  (compiling source file '/Source/MDropGunGameManager.cpp')
  
E:\2ITSOURCE2026\CSCommon\Source\MDropGunGameManager.cpp(338,18): warning C4244: '=': conversion from 'double' to 'float', possible loss of data
  (compiling source file '/Source/MDropGunGameManager.cpp')
  
E:\2ITSOURCE2026\CSCommon\Source\MDropGunGameManager.cpp(286,8): warning C4996: 'stricmp': The POSIX name for this item is deprecated. Instead, use the ISO C and C++ conformant name: _stricmp. See online help for details.
  (compiling source file '/Source/MDropGunGameManager.cpp')
  
E:\2ITSOURCE2026\CSCommon\Source\MDropGunGameManager.cpp(306,8): warning C4996: 'stricmp': The POSIX name for this item is deprecated. Instead, use the ISO C and C++ conformant name: _stricmp. See online help for details.
  (compiling source file '/Source/MDropGunGameManager.cpp')
  
E:\2ITSOURCE2026\CSCommon\Source\MDropGunGameManager.cpp(321,10): warning C4996: 'stricmp': The POSIX name for this item is deprecated. Instead, use the ISO C and C++ conformant name: _stricmp. See online help for details.
  (compiling source file '/Source/MDropGunGameManager.cpp')
  
E:\2ITSOURCE2026\CSCommon\Source\MDropGunGameManager.cpp(326,15): warning C4996: 'stricmp': The POSIX name for this item is deprecated. Instead, use the ISO C and C++ conformant name: _stricmp. See online help for details.
  (compiling source file '/Source/MDropGunGameManager.cpp')
  
E:\2ITSOURCE2026\CSCommon\Source\MDropGunGameManager.cpp(331,15): warning C4996: 'stricmp': The POSIX name for this item is deprecated. Instead, use the ISO C and C++ conformant name: _stricmp. See online help for details.
  (compiling source file '/Source/MDropGunGameManager.cpp')
  
E:\2ITSOURCE2026\CSCommon\Source\MDropGunGameManager.cpp(336,15): warning C4996: 'stricmp': The POSIX name for this item is deprecated. Instead, use the ISO C and C++ conformant name: _stricmp. See online help for details.
  (compiling source file '/Source/MDropGunGameManager.cpp')
  
E:\2ITSOURCE2026\CSCommon\Source\MDropGunGameManager.cpp(348,8): warning C4996: 'stricmp': The POSIX name for this item is deprecated. Instead, use the ISO C and C++ conformant name: _stricmp. See online help for details.
  (compiling source file '/Source/MDropGunGameManager.cpp')
  
E:\2ITSOURCE2026\CSCommon\Source\MDropGunGameManager.cpp(363,10): warning C4996: 'stricmp': The POSIX name for this item is deprecated. Instead, use the ISO C and C++ conformant name: _stricmp. See online help for details.
  (compiling source file '/Source/MDropGunGameManager.cpp')
  
E:\2ITSOURCE2026\CSCommon\Source\MDropGunGameManager.cpp(368,15): warning C4996: 'stricmp': The POSIX name for this item is deprecated. Instead, use the ISO C and C++ conformant name: _stricmp. See online help for details.
  (compiling source file '/Source/MDropGunGameManager.cpp')
  
E:\2ITSOURCE2026\CSCommon\Source\MDropGunGameManager.cpp(373,15): warning C4996: 'stricmp': The POSIX name for this item is deprecated. Instead, use the ISO C and C++ conformant name: _stricmp. See online help for details.
  (compiling source file '/Source/MDropGunGameManager.cpp')
  
E:\2ITSOURCE2026\CSCommon\Source\MDropGunGameManager.cpp(378,15): warning C4996: 'stricmp': The POSIX name for this item is deprecated. Instead, use the ISO C and C++ conformant name: _stricmp. See online help for details.
  (compiling source file '/Source/MDropGunGameManager.cpp')
  
E:\2ITSOURCE2026\CSCommon\Source\MDropGunGameManager.cpp(383,15): warning C4996: 'stricmp': The POSIX name for this item is deprecated. Instead, use the ISO C and C++ conformant name: _stricmp. See online help for details.
  (compiling source file '/Source/MDropGunGameManager.cpp')
  
  MEventInfo.cpp
E:\2ITSOURCE2026\CSCommon\Source\MEventInfo.cpp(73,8): warning C4996: 'stricmp': The POSIX name for this item is deprecated. Instead, use the ISO C and C++ conformant name: _stricmp. See online help for details.
  (compiling source file '/Source/MEventInfo.cpp')
  
E:\2ITSOURCE2026\CSCommon\Source\MEventInfo.cpp(98,8): warning C4996: 'stricmp': The POSIX name for this item is deprecated. Instead, use the ISO C and C++ conformant name: _stricmp. See online help for details.
  (compiling source file '/Source/MEventInfo.cpp')
  
E:\2ITSOURCE2026\CSCommon\Source\MEventInfo.cpp(108,10): warning C4996: 'stricmp': The POSIX name for this item is deprecated. Instead, use the ISO C and C++ conformant name: _stricmp. See online help for details.
  (compiling source file '/Source/MEventInfo.cpp')
  
E:\2ITSOURCE2026\CSCommon\Source\MEventInfo.cpp(112,15): warning C4996: 'stricmp': The POSIX name for this item is deprecated. Instead, use the ISO C and C++ conformant name: _stricmp. See online help for details.
  (compiling source file '/Source/MEventInfo.cpp')
  
E:\2ITSOURCE2026\CSCommon\Source\MEventInfo.cpp(116,15): warning C4996: 'stricmp': The POSIX name for this item is deprecated. Instead, use the ISO C and C++ conformant name: _stricmp. See online help for details.
  (compiling source file '/Source/MEventInfo.cpp')
  
E:\2ITSOURCE2026\CSCommon\Source\MEventInfo.cpp(120,15): warning C4996: 'stricmp': The POSIX name for this item is deprecated. Instead, use the ISO C and C++ conformant name: _stricmp. See online help for details.
  (compiling source file '/Source/MEventInfo.cpp')
  
E:\2ITSOURCE2026\CSCommon\Source\MEventInfo.cpp(124,15): warning C4996: 'stricmp': The POSIX name for this item is deprecated. Instead, use the ISO C and C++ conformant name: _stricmp. See online help for details.
  (compiling source file '/Source/MEventInfo.cpp')
  
E:\2ITSOURCE2026\CSCommon\Source\MEventInfo.cpp(128,15): warning C4996: 'stricmp': The POSIX name for this item is deprecated. Instead, use the ISO C and C++ conformant name: _stricmp. See online help for details.
  (compiling source file '/Source/MEventInfo.cpp')
  
E:\2ITSOURCE2026\CSCommon\Source\MEventInfo.cpp(132,15): warning C4996: 'stricmp': The POSIX name for this item is deprecated. Instead, use the ISO C and C++ conformant name: _stricmp. See online help for details.
  (compiling source file '/Source/MEventInfo.cpp')
  
E:\2ITSOURCE2026\CSCommon\Source\MEventInfo.cpp(134,6): warning C4996: 'sscanf': This function or variable may be unsafe. Consider using sscanf_s instead. To disable deprecation, use _CRT_SECURE_NO_WARNINGS. See online help for details.
  (compiling source file '/Source/MEventInfo.cpp')
  
E:\2ITSOURCE2026\CSCommon\Source\MEventInfo.cpp(136,15): warning C4996: 'stricmp': The POSIX name for this item is deprecated. Instead, use the ISO C and C++ conformant name: _stricmp. See online help for details.
  (compiling source file '/Source/MEventInfo.cpp')
  
E:\2ITSOURCE2026\CSCommon\Source\MEventInfo.cpp(138,6): warning C4996: 'sscanf': This function or variable may be unsafe. Consider using sscanf_s instead. To disable deprecation, use _CRT_SECURE_NO_WARNINGS. See online help for details.
  (compiling source file '/Source/MEventInfo.cpp')
  
  MGridMap.cpp
  MMatchRuleDropGunGame.cpp
  MMatchRuleQuestChallenge.cpp
E:\2ITSOURCE2026\CSCommon\Include\MMatchWorldItemDesc.h(23,1): warning C4067: unexpected tokens following preprocessor directive - expected a newline
  (compiling source file '/Source/MMatchRuleQuestChallenge.cpp')
  
E:\2ITSOURCE2026\CSCommon\Source\MMatchRuleQuestChallenge.cpp(505,16): warning C4244: 'initializing': conversion from 'float' to 'int', possible loss of data
  (compiling source file '/Source/MMatchRuleQuestChallenge.cpp')
  
E:\2ITSOURCE2026\CSCommon\Source\MMatchRuleQuestChallenge.cpp(569,41): warning C4101: 'nSpawnIndex': unreferenced local variable
  (compiling source file '/Source/MMatchRuleQuestChallenge.cpp')
  
E:\2ITSOURCE2026\CSCommon\Source\MMatchRuleQuestChallenge.cpp(569,18): warning C4101: 'nCustomSpawnTypeIndex': unreferenced local variable
  (compiling source file '/Source/MMatchRuleQuestChallenge.cpp')
  
E:\2ITSOURCE2026\CSCommon\Source\MMatchRuleQuestChallenge.cpp(570,9): warning C4101: 'bIsBoss': unreferenced local variable
  (compiling source file '/Source/MMatchRuleQuestChallenge.cpp')
  
E:\2ITSOURCE2026\CSCommon\Source\MMatchRuleQuestChallenge.cpp(766,18): warning C4018: '<': signed/unsigned mismatch
  (compiling source file '/Source/MMatchRuleQuestChallenge.cpp')
  
  MMatchRuleSkillMap.cpp
E:\2ITSOURCE2026\CSCommon\Include\MMatchWorldItemDesc.h(23,1): warning C4067: unexpected tokens following preprocessor directive - expected a newline
  (compiling source file '/Source/MMatchRuleSkillMap.cpp')
  
  MMatchRuleSoloPaintball.cpp
  Generating Code...
  Compiling...
  MMatchRuleSpy.cpp
  MMatchServer_Spy.cpp
  MMatchSpyMap.cpp
E:\2ITSOURCE2026\CSCommon\Source\MMatchSpyMap.cpp(21,8): warning C4996: 'stricmp': The POSIX name for this item is deprecated. Instead, use the ISO C and C++ conformant name: _stricmp. See online help for details.
  (compiling source file '/Source/MMatchSpyMap.cpp')
  
  MMatchSpyMode.cpp
  MNewQuestNpcManager.cpp
  MNewQuestPlayerManager.cpp
  MNewQuestScenario.cpp
E:\2ITSOURCE2026\CSCommon\Source\MNewQuestScenario.cpp(203,2): warning C4996: '_snprintf': This function or variable may be unsafe. Consider using _snprintf_s instead. To disable deprecation, use _CRT_SECURE_NO_WARNINGS. See online help for details.
  (compiling source file '/Source/MNewQuestScenario.cpp')
  
E:\2ITSOURCE2026\CSCommon\Source\MNewQuestScenario.cpp(204,2): warning C4996: '_snprintf': This function or variable may be unsafe. Consider using _snprintf_s instead. To disable deprecation, use _CRT_SECURE_NO_WARNINGS. See online help for details.
  (compiling source file '/Source/MNewQuestScenario.cpp')
  
E:\2ITSOURCE2026\CSCommon\Source\MNewQuestScenario.cpp(313,17): warning C4996: '_strlwr': This function or variable may be unsafe. Consider using _strlwr_s instead. To disable deprecation, use _CRT_SECURE_NO_WARNINGS. See online help for details.
  (compiling source file '/Source/MNewQuestScenario.cpp')
  
  MUID.cpp
  MObject.cpp
  MSharedCommandTable.cpp
E:\2ITSOURCE2026\CSCommon\Source\MSharedCommandTable.cpp(2066,1): warning C4067: unexpected tokens following preprocessor directive - expected a newline
  (compiling source file '/Source/MSharedCommandTable.cpp')
  
E:\2ITSOURCE2026\CSCommon\Source\MSharedCommandTable.cpp(2071,1): warning C4067: unexpected tokens following preprocessor directive - expected a newline
  (compiling source file '/Source/MSharedCommandTable.cpp')
  
E:\2ITSOURCE2026\CSCommon\Source\MSharedCommandTable.cpp(2149,3): warning C4002: too many arguments for function-like macro invocation 'P'
  (compiling source file '/Source/MSharedCommandTable.cpp')
  
E:\2ITSOURCE2026\CSCommon\Source\MSharedCommandTable.cpp(2218,1): warning C4067: unexpected tokens following preprocessor directive - expected a newline
  (compiling source file '/Source/MSharedCommandTable.cpp')
  
  MMaster.cpp
E:\2ITSOURCE2026\CSCommon\Source\MMaster.cpp(81,2): warning C4996: 'sprintf': This function or variable may be unsafe. Consider using sprintf_s instead. To disable deprecation, use _CRT_SECURE_NO_WARNINGS. See online help for details.
  (compiling source file '/Source/MMaster.cpp')
  
  MChattingFilter.cpp
E:\2ITSOURCE2026\CSCommon\Source\MChattingFilter.cpp(498,10): warning C4996: 'stricmp': The POSIX name for this item is deprecated. Instead, use the ISO C and C++ conformant name: _stricmp. See online help for details.
  (compiling source file '/Source/MChattingFilter.cpp')
  
E:\2ITSOURCE2026\CSCommon\Source\MChattingFilter.cpp(502,10): warning C4996: 'stricmp': The POSIX name for this item is deprecated. Instead, use the ISO C and C++ conformant name: _stricmp. See online help for details.
  (compiling source file '/Source/MChattingFilter.cpp')
  
  MClient.cpp
E:\2ITSOURCE2026\CSCommon\Source\MClient.cpp(23,2): warning C4996: 'strcpy': This function or variable may be unsafe. Consider using strcpy_s instead. To disable deprecation, use _CRT_SECURE_NO_WARNINGS. See online help for details.
  (compiling source file '/Source/MClient.cpp')
  
E:\2ITSOURCE2026\CSCommon\Source\MClient.cpp(26,16): warning C4996: 'strtok': This function or variable may be unsafe. Consider using strtok_s instead. To disable deprecation, use _CRT_SECURE_NO_WARNINGS. See online help for details.
  (compiling source file '/Source/MClient.cpp')
  
E:\2ITSOURCE2026\CSCommon\Source\MClient.cpp(27,18): warning C4996: 'strcpy': This function or variable may be unsafe. Consider using strcpy_s instead. To disable deprecation, use _CRT_SECURE_NO_WARNINGS. See online help for details.
  (compiling source file '/Source/MClient.cpp')
  
E:\2ITSOURCE2026\CSCommon\Source\MClient.cpp(28,10): warning C4996: 'strtok': This function or variable may be unsafe. Consider using strtok_s instead. To disable deprecation, use _CRT_SECURE_NO_WARNINGS. See online help for details.
  (compiling source file '/Source/MClient.cpp')
  
E:\2ITSOURCE2026\CSCommon\Source\MClient.cpp(123,5): warning C4996: 'sprintf': This function or variable may be unsafe. Consider using sprintf_s instead. To disable deprecation, use _CRT_SECURE_NO_WARNINGS. See online help for details.
  (compiling source file '/Source/MClient.cpp')
  
E:\2ITSOURCE2026\CSCommon\Source\MClient.cpp(127,5): warning C4996: 'sprintf': This function or variable may be unsafe. Consider using sprintf_s instead. To disable deprecation, use _CRT_SECURE_NO_WARNINGS. See online help for details.
  (compiling source file '/Source/MClient.cpp')
  
E:\2ITSOURCE2026\CSCommon\Source\MClient.cpp(108,7): warning C4101: 'szMessage': unreferenced local variable
  (compiling source file '/Source/MClient.cpp')
  
E:\2ITSOURCE2026\CSCommon\Source\MClient.cpp(402,2): warning C4996: 'vsprintf': This function or variable may be unsafe. Consider using vsprintf_s instead. To disable deprecation, use _CRT_SECURE_NO_WARNINGS. See online help for details.
  (compiling source file '/Source/MClient.cpp')
  
  MCustomClient.cpp
  MMatchClient.cpp
E:\2ITSOURCE2026\CSCommon\Source\MMatchClient.cpp(185,15): warning C4996: 'gethostbyname': Use getaddrinfo() or GetAddrInfoW() instead or define _WINSOCK_DEPRECATED_NO_WARNINGS to disable deprecated API warnings
  (compiling source file '/Source/MMatchClient.cpp')
  
E:\2ITSOURCE2026\CSCommon\Source\MMatchClient.cpp(189,16): warning C4996: 'gethostbyname': Use getaddrinfo() or GetAddrInfoW() instead or define _WINSOCK_DEPRECATED_NO_WARNINGS to disable deprecated API warnings
  (compiling source file '/Source/MMatchClient.cpp')
  
E:\2ITSOURCE2026\CSCommon\Source\MMatchClient.cpp(196,18): warning C4996: 'inet_ntoa': Use inet_ntop() or InetNtop() instead or define _WINSOCK_DEPRECATED_NO_WARNINGS to disable deprecated API warnings
  (compiling source file '/Source/MMatchClient.cpp')
  
E:\2ITSOURCE2026\CSCommon\Source\MMatchClient.cpp(543,2): warning C4996: 'strcpy': This function or variable may be unsafe. Consider using strcpy_s instead. To disable deprecation, use _CRT_SECURE_NO_WARNINGS. See online help for details.
  (compiling source file '/Source/MMatchClient.cpp')
  
E:\2ITSOURCE2026\CSCommon\Source\MMatchClient.cpp(735,18): warning C4996: 'inet_ntoa': Use inet_ntop() or InetNtop() instead or define _WINSOCK_DEPRECATED_NO_WARNINGS to disable deprecated API warnings
  (compiling source file '/Source/MMatchClient.cpp')
  
E:\2ITSOURCE2026\CSCommon\Source\MMatchClient.cpp(1024,3): warning C4996: 'sprintf': This function or variable may be unsafe. Consider using sprintf_s instead. To disable deprecation, use _CRT_SECURE_NO_WARNINGS. See online help for details.
  (compiling source file '/Source/MMatchClient.cpp')
  
E:\2ITSOURCE2026\CSCommon\Source\MMatchClient.cpp(1026,3): warning C4996: 'sprintf': This function or variable may be unsafe. Consider using sprintf_s instead. To disable deprecation, use _CRT_SECURE_NO_WARNINGS. See online help for details.
  (compiling source file '/Source/MMatchClient.cpp')
  
E:\2ITSOURCE2026\CSCommon\Source\MMatchClient.cpp(1131,20): warning C4996: 'inet_ntoa': Use inet_ntop() or InetNtop() instead or define _WINSOCK_DEPRECATED_NO_WARNINGS to disable deprecated API warnings
  (compiling source file '/Source/MMatchClient.cpp')
  
E:\2ITSOURCE2026\CSCommon\Source\MMatchClient.cpp(1255,20): warning C4996: 'inet_ntoa': Use inet_ntop() or InetNtop() instead or define _WINSOCK_DEPRECATED_NO_WARNINGS to disable deprecated API warnings
  (compiling source file '/Source/MMatchClient.cpp')
  
E:\2ITSOURCE2026\CSCommon\Source\MMatchClient.cpp(1283,20): warning C4996: 'inet_ntoa': Use inet_ntop() or InetNtop() instead or define _WINSOCK_DEPRECATED_NO_WARNINGS to disable deprecated API warnings
  (compiling source file '/Source/MMatchClient.cpp')
  
  MTCPSocket.cpp
E:\2ITSOURCE2026\CSCommon\Source\MTCPSocket.cpp(993,2): warning C4996: 'strcpy': This function or variable may be unsafe. Consider using strcpy_s instead. To disable deprecation, use _CRT_SECURE_NO_WARNINGS. See online help for details.
  (compiling source file '/Source/MTCPSocket.cpp')
  
E:\2ITSOURCE2026\CSCommon\Source\MTCPSocket.cpp(998,17): warning C4996: 'inet_addr': Use inet_pton() or InetPton() instead or define _WINSOCK_DEPRECATED_NO_WARNINGS to disable deprecated API warnings
  (compiling source file '/Source/MTCPSocket.cpp')
  
E:\2ITSOURCE2026\CSCommon\Source\MTCPSocket.cpp(1002,20): warning C4996: 'gethostbyname': Use getaddrinfo() or GetAddrInfoW() instead or define _WINSOCK_DEPRECATED_NO_WARNINGS to disable deprecated API warnings
  (compiling source file '/Source/MTCPSocket.cpp')
  
  MServer.cpp
E:\2ITSOURCE2026\CSCommon\Source\MServer.cpp(22,2): warning C4996: 'vsprintf': This function or variable may be unsafe. Consider using vsprintf_s instead. To disable deprecation, use _CRT_SECURE_NO_WARNINGS. See online help for details.
  (compiling source file '/Source/MServer.cpp')
  
E:\2ITSOURCE2026\CSCommon\Source\MServer.cpp(28,3): warning C4996: 'strcat': This function or variable may be unsafe. Consider using strcat_s instead. To disable deprecation, use _CRT_SECURE_NO_WARNINGS. See online help for details.
  (compiling source file '/Source/MServer.cpp')
  
  PaintMap.cpp
  RealCPNet.cpp
E:\2ITSOURCE2026\CSCommon\Source\RealCPNet.cpp(195,13): warning C4996: 'WSASocketA': Use WSASocketW() instead or define _WINSOCK_DEPRECATED_NO_WARNINGS to disable deprecated API warnings
  (compiling source file '/Source/RealCPNet.cpp')
  
E:\2ITSOURCE2026\CSCommon\Source\RealCPNet.cpp(397,17): warning C4996: 'inet_addr': Use inet_pton() or InetPton() instead or define _WINSOCK_DEPRECATED_NO_WARNINGS to disable deprecated API warnings
  (compiling source file '/Source/RealCPNet.cpp')
  
E:\2ITSOURCE2026\CSCommon\Source\RealCPNet.cpp(401,20): warning C4996: 'gethostbyname': Use getaddrinfo() or GetAddrInfoW() instead or define _WINSOCK_DEPRECATED_NO_WARNINGS to disable deprecated API warnings
  (compiling source file '/Source/RealCPNet.cpp')
  
E:\2ITSOURCE2026\CSCommon\Source\RealCPNet.cpp(608,4): warning C4996: 'strcpy': This function or variable may be unsafe. Consider using strcpy_s instead. To disable deprecation, use _CRT_SECURE_NO_WARNINGS. See online help for details.
  (compiling source file '/Source/RealCPNet.cpp')
  
E:\2ITSOURCE2026\CSCommon\Source\RealCPNet.cpp(855,8): warning C4996: 'inet_ntoa': Use inet_ntop() or InetNtop() instead or define _WINSOCK_DEPRECATED_NO_WARNINGS to disable deprecated API warnings
  (compiling source file '/Source/RealCPNet.cpp')
  
E:\2ITSOURCE2026\CSCommon\Source\RealCPNet.cpp(998,12): warning C4996: 'localtime': This function or variable may be unsafe. Consider using localtime_s instead. To disable deprecation, use _CRT_SECURE_NO_WARNINGS. See online help for details.
  (compiling source file '/Source/RealCPNet.cpp')
  
  MPacket.cpp
  Generating Code...
  Compiling...
  MPacketCrypter.cpp
  MPacketHShieldCrypter.cpp
  MLadderMgr.cpp
  MLadderPicker.cpp
  MLadderStatistics.cpp
E:\2ITSOURCE2026\CSCommon\Source\MLadderStatistics.cpp(33,13): warning C4996: 'fopen': This function or variable may be unsafe. Consider using fopen_s instead. To disable deprecation, use _CRT_SECURE_NO_WARNINGS. See online help for details.
  (compiling source file '/Source/MLadderStatistics.cpp')
  
E:\2ITSOURCE2026\CSCommon\Source\MLadderStatistics.cpp(52,13): warning C4996: 'fopen': This function or variable may be unsafe. Consider using fopen_s instead. To disable deprecation, use _CRT_SECURE_NO_WARNINGS. See online help for details.
  (compiling source file '/Source/MLadderStatistics.cpp')
  
  MTeamGameStrategy.cpp
E:\2ITSOURCE2026\CSCommon\Source\MTeamGameStrategy.cpp(497,5): warning C4996: 'strcat': This function or variable may be unsafe. Consider using strcat_s instead. To disable deprecation, use _CRT_SECURE_NO_WARNINGS. See online help for details.
  (compiling source file '/Source/MTeamGameStrategy.cpp')
  
E:\2ITSOURCE2026\CSCommon\Source\MTeamGameStrategy.cpp(498,5): warning C4996: 'strcat': This function or variable may be unsafe. Consider using strcat_s instead. To disable deprecation, use _CRT_SECURE_NO_WARNINGS. See online help for details.
  (compiling source file '/Source/MTeamGameStrategy.cpp')
  
E:\2ITSOURCE2026\CSCommon\Source\MTeamGameStrategy.cpp(506,5): warning C4996: 'strcat': This function or variable may be unsafe. Consider using strcat_s instead. To disable deprecation, use _CRT_SECURE_NO_WARNINGS. See online help for details.
  (compiling source file '/Source/MTeamGameStrategy.cpp')
  
E:\2ITSOURCE2026\CSCommon\Source\MTeamGameStrategy.cpp(507,5): warning C4996: 'strcat': This function or variable may be unsafe. Consider using strcat_s instead. To disable deprecation, use _CRT_SECURE_NO_WARNINGS. See online help for details.
  (compiling source file '/Source/MTeamGameStrategy.cpp')
  
  MBaseChannelRule.cpp
E:\2ITSOURCE2026\CSCommon\Source\MBaseChannelRule.cpp(12,8): warning C4996: 'stricmp': The POSIX name for this item is deprecated. Instead, use the ISO C and C++ conformant name: _stricmp. See online help for details.
  (compiling source file '/Source/MBaseChannelRule.cpp')
  
E:\2ITSOURCE2026\CSCommon\Source\MBaseChannelRule.cpp(46,10): warning C4996: 'stricmp': The POSIX name for this item is deprecated. Instead, use the ISO C and C++ conformant name: _stricmp. See online help for details.
  (compiling source file '/Source/MBaseChannelRule.cpp')
  
E:\2ITSOURCE2026\CSCommon\Source\MBaseChannelRule.cpp(84,10): warning C4996: 'stricmp': The POSIX name for this item is deprecated. Instead, use the ISO C and C++ conformant name: _stricmp. See online help for details.
  (compiling source file '/Source/MBaseChannelRule.cpp')
  
E:\2ITSOURCE2026\CSCommon\Source\MBaseChannelRule.cpp(122,9): warning C4996: 'stricmp': The POSIX name for this item is deprecated. Instead, use the ISO C and C++ conformant name: _stricmp. See online help for details.
  (compiling source file '/Source/MBaseChannelRule.cpp')
  
E:\2ITSOURCE2026\CSCommon\Source\MBaseChannelRule.cpp(188,7): warning C4996: 'stricmp': The POSIX name for this item is deprecated. Instead, use the ISO C and C++ conformant name: _stricmp. See online help for details.
  (compiling source file '/Source/MBaseChannelRule.cpp')
  
E:\2ITSOURCE2026\CSCommon\Source\MBaseChannelRule.cpp(222,8): warning C4996: 'stricmp': The POSIX name for this item is deprecated. Instead, use the ISO C and C++ conformant name: _stricmp. See online help for details.
  (compiling source file '/Source/MBaseChannelRule.cpp')
  
E:\2ITSOURCE2026\CSCommon\Source\MBaseChannelRule.cpp(233,13): warning C4996: 'stricmp': The POSIX name for this item is deprecated. Instead, use the ISO C and C++ conformant name: _stricmp. See online help for details.
  (compiling source file '/Source/MBaseChannelRule.cpp')
  
E:\2ITSOURCE2026\CSCommon\Source\MBaseChannelRule.cpp(263,7): warning C4996: 'stricmp': The POSIX name for this item is deprecated. Instead, use the ISO C and C++ conformant name: _stricmp. See online help for details.
  (compiling source file '/Source/MBaseChannelRule.cpp')
  
E:\2ITSOURCE2026\CSCommon\Source\MBaseChannelRule.cpp(267,12): warning C4996: 'stricmp': The POSIX name for this item is deprecated. Instead, use the ISO C and C++ conformant name: _stricmp. See online help for details.
  (compiling source file '/Source/MBaseChannelRule.cpp')
  
E:\2ITSOURCE2026\CSCommon\Source\MBaseChannelRule.cpp(271,12): warning C4996: 'stricmp': The POSIX name for this item is deprecated. Instead, use the ISO C and C++ conformant name: _stricmp. See online help for details.
  (compiling source file '/Source/MBaseChannelRule.cpp')
  
E:\2ITSOURCE2026\CSCommon\Source\MBaseChannelRule.cpp(275,12): warning C4996: 'stricmp': The POSIX name for this item is deprecated. Instead, use the ISO C and C++ conformant name: _stricmp. See online help for details.
  (compiling source file '/Source/MBaseChannelRule.cpp')
  
E:\2ITSOURCE2026\CSCommon\Source\MBaseChannelRule.cpp(279,12): warning C4996: 'stricmp': The POSIX name for this item is deprecated. Instead, use the ISO C and C++ conformant name: _stricmp. See online help for details.
  (compiling source file '/Source/MBaseChannelRule.cpp')
  
E:\2ITSOURCE2026\CSCommon\Source\MBaseChannelRule.cpp(284,12): warning C4996: 'stricmp': The POSIX name for this item is deprecated. Instead, use the ISO C and C++ conformant name: _stricmp. See online help for details.
  (compiling source file '/Source/MBaseChannelRule.cpp')
  
E:\2ITSOURCE2026\CSCommon\Source\MBaseChannelRule.cpp(289,12): warning C4996: 'stricmp': The POSIX name for this item is deprecated. Instead, use the ISO C and C++ conformant name: _stricmp. See online help for details.
  (compiling source file '/Source/MBaseChannelRule.cpp')
  
E:\2ITSOURCE2026\CSCommon\Source\MBaseChannelRule.cpp(293,12): warning C4996: 'stricmp': The POSIX name for this item is deprecated. Instead, use the ISO C and C++ conformant name: _stricmp. See online help for details.
  (compiling source file '/Source/MBaseChannelRule.cpp')
  
E:\2ITSOURCE2026\CSCommon\Source\MBaseChannelRule.cpp(297,12): warning C4996: 'stricmp': The POSIX name for this item is deprecated. Instead, use the ISO C and C++ conformant name: _stricmp. See online help for details.
  (compiling source file '/Source/MBaseChannelRule.cpp')
  
E:\2ITSOURCE2026\CSCommon\Source\MBaseChannelRule.cpp(301,12): warning C4996: 'stricmp': The POSIX name for this item is deprecated. Instead, use the ISO C and C++ conformant name: _stricmp. See online help for details.
  (compiling source file '/Source/MBaseChannelRule.cpp')
  
E:\2ITSOURCE2026\CSCommon\Source\MBaseChannelRule.cpp(305,12): warning C4996: 'stricmp': The POSIX name for this item is deprecated. Instead, use the ISO C and C++ conformant name: _stricmp. See online help for details.
  (compiling source file '/Source/MBaseChannelRule.cpp')
  
E:\2ITSOURCE2026\CSCommon\Source\MBaseChannelRule.cpp(309,12): warning C4996: 'stricmp': The POSIX name for this item is deprecated. Instead, use the ISO C and C++ conformant name: _stricmp. See online help for details.
  (compiling source file '/Source/MBaseChannelRule.cpp')
  
  MMatchActiveTrapMgr.cpp
E:\2ITSOURCE2026\CSCommon\Source\MMatchActiveTrapMgr.cpp(114,41): warning C4018: '>': signed/unsigned mismatch
  (compiling source file '/Source/MMatchActiveTrapMgr.cpp')
  
  MMatchChannelRule.cpp
  MMatchFormula.cpp
E:\2ITSOURCE2026\CSCommon\Source\MMatchFormula.cpp(72,9): warning C4996: 'stricmp': The POSIX name for this item is deprecated. Instead, use the ISO C and C++ conformant name: _stricmp. See online help for details.
  (compiling source file '/Source/MMatchFormula.cpp')
  
E:\2ITSOURCE2026\CSCommon\Source\MMatchFormula.cpp(76,14): warning C4996: 'stricmp': The POSIX name for this item is deprecated. Instead, use the ISO C and C++ conformant name: _stricmp. See online help for details.
  (compiling source file '/Source/MMatchFormula.cpp')
  
E:\2ITSOURCE2026\CSCommon\Source\MMatchFormula.cpp(80,14): warning C4996: 'stricmp': The POSIX name for this item is deprecated. Instead, use the ISO C and C++ conformant name: _stricmp. See online help for details.
  (compiling source file '/Source/MMatchFormula.cpp')
  
  MMatchMap.cpp
E:\2ITSOURCE2026\CSCommon\Source\MMatchMap.cpp(117,23): warning C4477: 'sscanf' : format string '%s' requires an argument of type 'char *', but variadic argument 1 has type 'const char *'
  (compiling source file '/Source/MMatchMap.cpp')
  
E:\2ITSOURCE2026\CSCommon\Source\MMatchMap.cpp(117,23): warning C4477: 'sscanf' : format string '%s' requires an argument of type 'char *', but variadic argument 2 has type 'const char *'
  (compiling source file '/Source/MMatchMap.cpp')
  
E:\2ITSOURCE2026\CSCommon\Source\MMatchMap.cpp(117,23): warning C4477: 'sscanf' : format string '%s' requires an argument of type 'char *', but variadic argument 3 has type 'const char *'
  (compiling source file '/Source/MMatchMap.cpp')
  
E:\2ITSOURCE2026\CSCommon\Source\MMatchMap.cpp(117,23): warning C4477: 'sscanf' : format string '%s' requires an argument of type 'char *', but variadic argument 4 has type 'const char *'
  (compiling source file '/Source/MMatchMap.cpp')
  
E:\2ITSOURCE2026\CSCommon\Source\MMatchMap.cpp(117,5): warning C4996: 'sscanf': This function or variable may be unsafe. Consider using sscanf_s instead. To disable deprecation, use _CRT_SECURE_NO_WARNINGS. See online help for details.
  (compiling source file '/Source/MMatchMap.cpp')
  
E:\2ITSOURCE2026\CSCommon\Source\MMatchMap.cpp(158,7): warning C4996: 'stricmp': The POSIX name for this item is deprecated. Instead, use the ISO C and C++ conformant name: _stricmp. See online help for details.
  (compiling source file '/Source/MMatchMap.cpp')
  
E:\2ITSOURCE2026\CSCommon\Source\MMatchMap.cpp(193,8): warning C4996: 'stricmp': The POSIX name for this item is deprecated. Instead, use the ISO C and C++ conformant name: _stricmp. See online help for details.
  (compiling source file '/Source/MMatchMap.cpp')
  
E:\2ITSOURCE2026\CSCommon\Source\MMatchMap.cpp(204,8): warning C4996: 'stricmp': The POSIX name for this item is deprecated. Instead, use the ISO C and C++ conformant name: _stricmp. See online help for details.
  (compiling source file '/Source/MMatchMap.cpp')
  
  MMatchStage.cpp
E:\2ITSOURCE2026\CSCommon\Include\MMatchRuleDuel.h(37,1): warning C4067: unexpected tokens following preprocessor directive - expected a newline
  (compiling source file '/Source/MMatchStage.cpp')
  
E:\2ITSOURCE2026\CSCommon\Include\MMatchRuleDuelTournament.h(221,4): warning C4996: 'vsprintf': This function or variable may be unsafe. Consider using vsprintf_s instead. To disable deprecation, use _CRT_SECURE_NO_WARNINGS. See online help for details.
  (compiling source file '/Source/MMatchStage.cpp')
  
E:\2ITSOURCE2026\CSCommon\Include\MMatchWorldItemDesc.h(23,1): warning C4067: unexpected tokens following preprocessor directive - expected a newline
  (compiling source file '/Source/MMatchStage.cpp')
  
E:\2ITSOURCE2026\CSCommon\Source\MMatchStage.cpp(115,2): warning C4996: 'strcpy': This function or variable may be unsafe. Consider using strcpy_s instead. To disable deprecation, use _CRT_SECURE_NO_WARNINGS. See online help for details.
  (compiling source file '/Source/MMatchStage.cpp')
  
E:\2ITSOURCE2026\CSCommon\Source\MMatchStage.cpp(116,2): warning C4996: 'strcpy': This function or variable may be unsafe. Consider using strcpy_s instead. To disable deprecation, use _CRT_SECURE_NO_WARNINGS. See online help for details.
  (compiling source file '/Source/MMatchStage.cpp')
  
E:\2ITSOURCE2026\CSCommon\Source\MMatchStage.cpp(335,7): warning C4996: 'stricmp': The POSIX name for this item is deprecated. Instead, use the ISO C and C++ conformant name: _stricmp. See online help for details.
  (compiling source file '/Source/MMatchStage.cpp')
  
E:\2ITSOURCE2026\CSCommon\Source\MMatchStage.cpp(760,1): warning C4067: unexpected tokens following preprocessor directive - expected a newline
  (compiling source file '/Source/MMatchStage.cpp')
  
E:\2ITSOURCE2026\CSCommon\Source\MMatchStage.cpp(788,4): warning C4996: 'strcpy': This function or variable may be unsafe. Consider using strcpy_s instead. To disable deprecation, use _CRT_SECURE_NO_WARNINGS. See online help for details.
  (compiling source file '/Source/MMatchStage.cpp')
  
E:\2ITSOURCE2026\CSCommon\Source\MMatchStage.cpp(795,4): warning C4996: 'strcpy': This function or variable may be unsafe. Consider using strcpy_s instead. To disable deprecation, use _CRT_SECURE_NO_WARNINGS. See online help for details.
  (compiling source file '/Source/MMatchStage.cpp')
  
E:\2ITSOURCE2026\CSCommon\Source\MMatchStage.cpp(903,10): warning C4566: character represented by universal-character-name '\uCEE4' cannot be represented in the current code page (1252)
  (compiling source file '/Source/MMatchStage.cpp')
  
E:\2ITSOURCE2026\CSCommon\Source\MMatchStage.cpp(903,10): warning C4566: character represented by universal-character-name '\uB9E8' cannot be represented in the current code page (1252)
  (compiling source file '/Source/MMatchStage.cpp')
  
E:\2ITSOURCE2026\CSCommon\Source\MMatchStage.cpp(903,10): warning C4566: character represented by universal-character-name '\uB4DC' cannot be represented in the current code page (1252)
  (compiling source file '/Source/MMatchStage.cpp')
  
E:\2ITSOURCE2026\CSCommon\Source\MMatchStage.cpp(903,10): warning C4566: character represented by universal-character-name '\uC0DD' cannot be represented in the current code page (1252)
  (compiling source file '/Source/MMatchStage.cpp')
  
E:\2ITSOURCE2026\CSCommon\Source\MMatchStage.cpp(903,10): warning C4566: character represented by universal-character-name '\uC131' cannot be represented in the current code page (1252)
  (compiling source file '/Source/MMatchStage.cpp')
  
E:\2ITSOURCE2026\CSCommon\Source\MMatchStage.cpp(903,10): warning C4566: character represented by universal-character-name '\uC2E4' cannot be represented in the current code page (1252)
  (compiling source file '/Source/MMatchStage.cpp')
  
E:\2ITSOURCE2026\CSCommon\Source\MMatchStage.cpp(903,10): warning C4566: character represented by universal-character-name '\uD328' cannot be represented in the current code page (1252)
  (compiling source file '/Source/MMatchStage.cpp')
  
E:\2ITSOURCE2026\CSCommon\Source\MMatchStage.cpp(816,3): warning C4996: 'sprintf': This function or variable may be unsafe. Consider using sprintf_s instead. To disable deprecation, use _CRT_SECURE_NO_WARNINGS. See online help for details.
  (compiling source file '/Source/MMatchStage.cpp')
  
E:\2ITSOURCE2026\CSCommon\Source\MMatchStage.cpp(857,4): warning C4996: 'sprintf': This function or variable may be unsafe. Consider using sprintf_s instead. To disable deprecation, use _CRT_SECURE_NO_WARNINGS. See online help for details.
  (compiling source file '/Source/MMatchStage.cpp')
  
E:\2ITSOURCE2026\CSCommon\Source\MMatchStage.cpp(849,9): warning C4101: 'sp_name': unreferenced local variable
  (compiling source file '/Source/MMatchStage.cpp')
  
E:\2ITSOURCE2026\CSCommon\Source\MMatchStage.cpp(960,3): warning C4996: 'sprintf': This function or variable may be unsafe. Consider using sprintf_s instead. To disable deprecation, use _CRT_SECURE_NO_WARNINGS. See online help for details.
  (compiling source file '/Source/MMatchStage.cpp')
  
E:\2ITSOURCE2026\CSCommon\Source\MMatchStage.cpp(1214,1): warning C4067: unexpected tokens following preprocessor directive - expected a newline
  (compiling source file '/Source/MMatchStage.cpp')
  
E:\2ITSOURCE2026\CSCommon\Source\MMatchStage.cpp(1288,56): warning C4996: 'stricmp': The POSIX name for this item is deprecated. Instead, use the ISO C and C++ conformant name: _stricmp. See online help for details.
  (compiling source file '/Source/MMatchStage.cpp')
  
E:\2ITSOURCE2026\CSCommon\Source\MMatchStage.cpp(1289,53): warning C4996: 'stricmp': The POSIX name for this item is deprecated. Instead, use the ISO C and C++ conformant name: _stricmp. See online help for details.
  (compiling source file '/Source/MMatchStage.cpp')
  
E:\2ITSOURCE2026\CSCommon\Source\MMatchStage.cpp(1290,53): warning C4996: 'stricmp': The POSIX name for this item is deprecated. Instead, use the ISO C and C++ conformant name: _stricmp. See online help for details.
  (compiling source file '/Source/MMatchStage.cpp')
  
E:\2ITSOURCE2026\CSCommon\Source\MMatchStage.cpp(1302,10): warning C4996: 'stricmp': The POSIX name for this item is deprecated. Instead, use the ISO C and C++ conformant name: _stricmp. See online help for details.
  (compiling source file '/Source/MMatchStage.cpp')
  
E:\2ITSOURCE2026\CSCommon\Source\MMatchStage.cpp(1303,7): warning C4996: 'stricmp': The POSIX name for this item is deprecated. Instead, use the ISO C and C++ conformant name: _stricmp. See online help for details.
  (compiling source file '/Source/MMatchStage.cpp')
  
E:\2ITSOURCE2026\CSCommon\Source\MMatchStage.cpp(1304,7): warning C4996: 'stricmp': The POSIX name for this item is deprecated. Instead, use the ISO C and C++ conformant name: _stricmp. See online help for details.
  (compiling source file '/Source/MMatchStage.cpp')
  
  MMatchStageSetting.cpp
E:\2ITSOURCE2026\CSCommon\Source\MMatchStageSetting.cpp(56,1): warning C4067: unexpected tokens following preprocessor directive - expected a newline
  (compiling source file '/Source/MMatchStageSetting.cpp')
  
E:\2ITSOURCE2026\CSCommon\Source\MMatchStageSetting.cpp(26,2): warning C4996: 'strcpy': This function or variable may be unsafe. Consider using strcpy_s instead. To disable deprecation, use _CRT_SECURE_NO_WARNINGS. See online help for details.
  (compiling source file '/Source/MMatchStageSetting.cpp')
  
E:\2ITSOURCE2026\CSCommon\Source\MMatchStageSetting.cpp(51,2): warning C4996: 'strcpy': This function or variable may be unsafe. Consider using strcpy_s instead. To disable deprecation, use _CRT_SECURE_NO_WARNINGS. See online help for details.
  (compiling source file '/Source/MMatchStageSetting.cpp')
  
E:\2ITSOURCE2026\CSCommon\Source\MMatchStageSetting.cpp(100,3): warning C4996: 'strcpy': This function or variable may be unsafe. Consider using strcpy_s instead. To disable deprecation, use _CRT_SECURE_NO_WARNINGS. See online help for details.
  (compiling source file '/Source/MMatchStageSetting.cpp')
  
E:\2ITSOURCE2026\CSCommon\Source\MMatchStageSetting.cpp(106,9): warning C4996: 'stricmp': The POSIX name for this item is deprecated. Instead, use the ISO C and C++ conformant name: _stricmp. See online help for details.
  (compiling source file '/Source/MMatchStageSetting.cpp')
  
E:\2ITSOURCE2026\CSCommon\Source\MMatchStageSetting.cpp(135,3): warning C4996: 'strcpy': This function or variable may be unsafe. Consider using strcpy_s instead. To disable deprecation, use _CRT_SECURE_NO_WARNINGS. See online help for details.
  (compiling source file '/Source/MMatchStageSetting.cpp')
  
E:\2ITSOURCE2026\CSCommon\Source\MMatchStageSetting.cpp(158,3): warning C4996: 'strcpy': This function or variable may be unsafe. Consider using strcpy_s instead. To disable deprecation, use _CRT_SECURE_NO_WARNINGS. See online help for details.
  (compiling source file '/Source/MMatchStageSetting.cpp')
  
E:\2ITSOURCE2026\CSCommon\Source\MMatchStageSetting.cpp(281,20): warning C4018: '<': signed/unsigned mismatch
  (compiling source file '/Source/MMatchStageSetting.cpp')
  
E:\2ITSOURCE2026\CSCommon\Source\MMatchStageSetting.cpp(291,20): warning C4018: '<': signed/unsigned mismatch
  (compiling source file '/Source/MMatchStageSetting.cpp')
  
  MMatchWorldItem.cpp
E:\2ITSOURCE2026\CSCommon\Include\MMatchWorldItemDesc.h(23,1): warning C4067: unexpected tokens following preprocessor directive - expected a newline
  (compiling source file '/Source/MMatchWorldItem.cpp')
  
E:\2ITSOURCE2026\RealSpace2\Include\rvector.h(4,9): warning C4005: 'ASSERT': macro redefinition
  (compiling source file '/Source/MMatchWorldItem.cpp')
      C:\Program Files\Microsoft Visual Studio\18\Community\VC\Tools\MSVC\14.44.35207\atlmfc\include\afx.h(370,9):
      see previous definition of 'ASSERT'
  
E:\2ITSOURCE2026\CSCommon\Source\MMatchWorldItem.cpp(333,1): warning C4067: unexpected tokens following preprocessor directive - expected a newline
  (compiling source file '/Source/MMatchWorldItem.cpp')
  
E:\2ITSOURCE2026\CSCommon\Source\MMatchWorldItem.cpp(495,1): warning C4067: unexpected tokens following preprocessor directive - expected a newline
  (compiling source file '/Source/MMatchWorldItem.cpp')
  
  MMatchWorldItemDesc.cpp
E:\2ITSOURCE2026\CSCommon\Include\MMatchWorldItemDesc.h(23,1): warning C4067: unexpected tokens following preprocessor directive - expected a newline
  (compiling source file '/Source/MMatchWorldItemDesc.cpp')
  
E:\2ITSOURCE2026\CSCommon\Source\MMatchWorldItemDesc.cpp(57,8): warning C4996: 'stricmp': The POSIX name for this item is deprecated. Instead, use the ISO C and C++ conformant name: _stricmp. See online help for details.
  (compiling source file '/Source/MMatchWorldItemDesc.cpp')
  
E:\2ITSOURCE2026\CSCommon\Source\MMatchWorldItemDesc.cpp(122,8): warning C4996: 'stricmp': The POSIX name for this item is deprecated. Instead, use the ISO C and C++ conformant name: _stricmp. See online help for details.
  (compiling source file '/Source/MMatchWorldItemDesc.cpp')
  
E:\2ITSOURCE2026\CSCommon\Source\MMatchWorldItemDesc.cpp(178,1): warning C4067: unexpected tokens following preprocessor directive - expected a newline
  (compiling source file '/Source/MMatchWorldItemDesc.cpp')
  
E:\2ITSOURCE2026\CSCommon\Source\MMatchWorldItemDesc.cpp(171,7): warning C4996: 'stricmp': The POSIX name for this item is deprecated. Instead, use the ISO C and C++ conformant name: _stricmp. See online help for details.
  (compiling source file '/Source/MMatchWorldItemDesc.cpp')
  
E:\2ITSOURCE2026\CSCommon\Source\MMatchWorldItemDesc.cpp(172,12): warning C4996: 'stricmp': The POSIX name for this item is deprecated. Instead, use the ISO C and C++ conformant name: _stricmp. See online help for details.
  (compiling source file '/Source/MMatchWorldItemDesc.cpp')
  
E:\2ITSOURCE2026\CSCommon\Source\MMatchWorldItemDesc.cpp(173,12): warning C4996: 'stricmp': The POSIX name for this item is deprecated. Instead, use the ISO C and C++ conformant name: _stricmp. See online help for details.
  (compiling source file '/Source/MMatchWorldItemDesc.cpp')
  
E:\2ITSOURCE2026\CSCommon\Source\MMatchWorldItemDesc.cpp(174,12): warning C4996: 'stricmp': The POSIX name for this item is deprecated. Instead, use the ISO C and C++ conformant name: _stricmp. See online help for details.
  (compiling source file '/Source/MMatchWorldItemDesc.cpp')
  
E:\2ITSOURCE2026\CSCommon\Source\MMatchWorldItemDesc.cpp(175,12): warning C4996: 'stricmp': The POSIX name for this item is deprecated. Instead, use the ISO C and C++ conformant name: _stricmp. See online help for details.
  (compiling source file '/Source/MMatchWorldItemDesc.cpp')
  
E:\2ITSOURCE2026\CSCommon\Source\MMatchWorldItemDesc.cpp(176,12): warning C4996: 'stricmp': The POSIX name for this item is deprecated. Instead, use the ISO C and C++ conformant name: _stricmp. See online help for details.
  (compiling source file '/Source/MMatchWorldItemDesc.cpp')
  
E:\2ITSOURCE2026\CSCommon\Source\MMatchWorldItemDesc.cpp(177,12): warning C4996: 'stricmp': The POSIX name for this item is deprecated. Instead, use the ISO C and C++ conformant name: _stricmp. See online help for details.
  (compiling source file '/Source/MMatchWorldItemDesc.cpp')
  
E:\2ITSOURCE2026\CSCommon\Source\MMatchWorldItemDesc.cpp(179,12): warning C4996: 'stricmp': The POSIX name for this item is deprecated. Instead, use the ISO C and C++ conformant name: _stricmp. See online help for details.
  (compiling source file '/Source/MMatchWorldItemDesc.cpp')
  
E:\2ITSOURCE2026\CSCommon\Source\MMatchWorldItemDesc.cpp(181,13): warning C4996: 'stricmp': The POSIX name for this item is deprecated. Instead, use the ISO C and C++ conformant name: _stricmp. See online help for details.
  (compiling source file '/Source/MMatchWorldItemDesc.cpp')
  
E:\2ITSOURCE2026\CSCommon\Source\MMatchWorldItemDesc.cpp(182,12): warning C4996: 'stricmp': The POSIX name for this item is deprecated. Instead, use the ISO C and C++ conformant name: _stricmp. See online help for details.
  (compiling source file '/Source/MMatchWorldItemDesc.cpp')
  
E:\2ITSOURCE2026\CSCommon\Source\MMatchWorldItemDesc.cpp(229,3): warning C4996: 'sprintf': This function or variable may be unsafe. Consider using sprintf_s instead. To disable deprecation, use _CRT_SECURE_NO_WARNINGS. See online help for details.
  (compiling source file '/Source/MMatchWorldItemDesc.cpp')
  
E:\2ITSOURCE2026\CSCommon\Source\MMatchWorldItemDesc.cpp(268,8): warning C4996: 'stricmp': The POSIX name for this item is deprecated. Instead, use the ISO C and C++ conformant name: _stricmp. See online help for details.
  (compiling source file '/Source/MMatchWorldItemDesc.cpp')
  
E:\2ITSOURCE2026\CSCommon\Source\MMatchWorldItemDesc.cpp(316,9): warning C4996: 'stricmp': The POSIX name for this item is deprecated. Instead, use the ISO C and C++ conformant name: _stricmp. See online help for details.
  (compiling source file '/Source/MMatchWorldItemDesc.cpp')
  
E:\2ITSOURCE2026\CSCommon\Source\MMatchWorldItemDesc.cpp(327,14): warning C4996: 'sscanf': This function or variable may be unsafe. Consider using sscanf_s instead. To disable deprecation, use _CRT_SECURE_NO_WARNINGS. See online help for details.
  (compiling source file '/Source/MMatchWorldItemDesc.cpp')
  
E:\2ITSOURCE2026\CSCommon\Source\MMatchWorldItemDesc.cpp(349,7): warning C4996: 'stricmp': The POSIX name for this item is deprecated. Instead, use the ISO C and C++ conformant name: _stricmp. See online help for details.
  (compiling source file '/Source/MMatchWorldItemDesc.cpp')
  
E:\2ITSOURCE2026\CSCommon\Source\MMatchWorldItemDesc.cpp(363,12): warning C4996: 'stricmp': The POSIX name for this item is deprecated. Instead, use the ISO C and C++ conformant name: _stricmp. See online help for details.
  (compiling source file '/Source/MMatchWorldItemDesc.cpp')
  
  MMatchNPCObject.cpp
  MMatchQuest.cpp
  MMatchQuestGameLog.cpp
E:\2ITSOURCE2026\CSCommon\Include\MAsyncDBJob.h(253,3): warning C4996: 'strcpy': This function or variable may be unsafe. Consider using strcpy_s instead. To disable deprecation, use _CRT_SECURE_NO_WARNINGS. See online help for details.
  (compiling source file '/Source/MMatchQuestGameLog.cpp')
  
E:\2ITSOURCE2026\CSCommon\Include\MAsyncDBJob.h(292,3): warning C4996: 'strcpy': This function or variable may be unsafe. Consider using strcpy_s instead. To disable deprecation, use _CRT_SECURE_NO_WARNINGS. See online help for details.
  (compiling source file '/Source/MMatchQuestGameLog.cpp')
  
E:\2ITSOURCE2026\CSCommon\Source\MMatchQuestGameLog.cpp(156,2): warning C4996: 'strcpy': This function or variable may be unsafe. Consider using strcpy_s instead. To disable deprecation, use _CRT_SECURE_NO_WARNINGS. See online help for details.
  (compiling source file '/Source/MMatchQuestGameLog.cpp')
  
E:\2ITSOURCE2026\CSCommon\Source\MMatchQuestGameLog.cpp(193,2): warning C4996: 'strcpy': This function or variable may be unsafe. Consider using strcpy_s instead. To disable deprecation, use _CRT_SECURE_NO_WARNINGS. See online help for details.
  (compiling source file '/Source/MMatchQuestGameLog.cpp')
  
E:\2ITSOURCE2026\CSCommon\Source\MMatchQuestGameLog.cpp(201,2): warning C4996: 'strcpy': This function or variable may be unsafe. Consider using strcpy_s instead. To disable deprecation, use _CRT_SECURE_NO_WARNINGS. See online help for details.
  (compiling source file '/Source/MMatchQuestGameLog.cpp')
  
  MMatchQuestMonsterGroup.cpp
E:\2ITSOURCE2026\CSCommon\Include\MMatchQuestMonsterGroup.h(35,8): warning C4996: 'stricmp': The POSIX name for this item is deprecated. Instead, use the ISO C and C++ conformant name: _stricmp. See online help for details.
  (compiling source file '/Source/MMatchQuestMonsterGroup.cpp')
  
E:\2ITSOURCE2026\CSCommon\Source\MMatchQuestMonsterGroup.cpp(93,8): warning C4996: 'stricmp': The POSIX name for this item is deprecated. Instead, use the ISO C and C++ conformant name: _stricmp. See online help for details.
  (compiling source file '/Source/MMatchQuestMonsterGroup.cpp')
  
E:\2ITSOURCE2026\CSCommon\Source\MMatchQuestMonsterGroup.cpp(156,8): warning C4996: 'stricmp': The POSIX name for this item is deprecated. Instead, use the ISO C and C++ conformant name: _stricmp. See online help for details.
  (compiling source file '/Source/MMatchQuestMonsterGroup.cpp')
  
E:\2ITSOURCE2026\CSCommon\Source\MMatchQuestMonsterGroup.cpp(188,8): warning C4996: 'stricmp': The POSIX name for this item is deprecated. Instead, use the ISO C and C++ conformant name: _stricmp. See online help for details.
  (compiling source file '/Source/MMatchQuestMonsterGroup.cpp')
  
  MMatchQuestRound.cpp
  Generating Code...
  Compiling...
  MMatchSurvivalGameLog.cpp
E:\2ITSOURCE2026\CSCommon\Include\MAsyncDBJob.h(253,3): warning C4996: 'strcpy': This function or variable may be unsafe. Consider using strcpy_s instead. To disable deprecation, use _CRT_SECURE_NO_WARNINGS. See online help for details.
  (compiling source file '/Source/MMatchSurvivalGameLog.cpp')
  
E:\2ITSOURCE2026\CSCommon\Include\MAsyncDBJob.h(292,3): warning C4996: 'strcpy': This function or variable may be unsafe. Consider using strcpy_s instead. To disable deprecation, use _CRT_SECURE_NO_WARNINGS. See online help for details.
  (compiling source file '/Source/MMatchSurvivalGameLog.cpp')
  
E:\2ITSOURCE2026\CSCommon\Include\MAsyncDBJob_SurvivalMode.h(40,3): warning C4996: 'strcpy': This function or variable may be unsafe. Consider using strcpy_s instead. To disable deprecation, use _CRT_SECURE_NO_WARNINGS. See online help for details.
  (compiling source file '/Source/MMatchSurvivalGameLog.cpp')
  
E:\2ITSOURCE2026\CSCommon\Source\MMatchSurvivalGameLog.cpp(17,2): warning C4996: 'strcpy': This function or variable may be unsafe. Consider using strcpy_s instead. To disable deprecation, use _CRT_SECURE_NO_WARNINGS. See online help for details.
  (compiling source file '/Source/MMatchSurvivalGameLog.cpp')
  
E:\2ITSOURCE2026\CSCommon\Source\MMatchSurvivalGameLog.cpp(37,2): warning C4996: 'strcpy': This function or variable may be unsafe. Consider using strcpy_s instead. To disable deprecation, use _CRT_SECURE_NO_WARNINGS. See online help for details.
  (compiling source file '/Source/MMatchSurvivalGameLog.cpp')
  
  MQuestDropTable.cpp
E:\2ITSOURCE2026\CSCommon\Source\MQuestDropTable.cpp(139,8): warning C4996: 'stricmp': The POSIX name for this item is deprecated. Instead, use the ISO C and C++ conformant name: _stricmp. See online help for details.
  (compiling source file '/Source/MQuestDropTable.cpp')
  
E:\2ITSOURCE2026\CSCommon\Source\MQuestDropTable.cpp(176,8): warning C4996: 'stricmp': The POSIX name for this item is deprecated. Instead, use the ISO C and C++ conformant name: _stricmp. See online help for details.
  (compiling source file '/Source/MQuestDropTable.cpp')
  
E:\2ITSOURCE2026\CSCommon\Source\MQuestDropTable.cpp(202,8): warning C4996: 'stricmp': The POSIX name for this item is deprecated. Instead, use the ISO C and C++ conformant name: _stricmp. See online help for details.
  (compiling source file '/Source/MQuestDropTable.cpp')
  
E:\2ITSOURCE2026\CSCommon\Source\MQuestDropTable.cpp(207,13): warning C4996: 'stricmp': The POSIX name for this item is deprecated. Instead, use the ISO C and C++ conformant name: _stricmp. See online help for details.
  (compiling source file '/Source/MQuestDropTable.cpp')
  
E:\2ITSOURCE2026\CSCommon\Source\MQuestDropTable.cpp(223,8): warning C4996: 'stricmp': The POSIX name for this item is deprecated. Instead, use the ISO C and C++ conformant name: _stricmp. See online help for details.
  (compiling source file '/Source/MQuestDropTable.cpp')
  
E:\2ITSOURCE2026\CSCommon\Source\MQuestDropTable.cpp(229,10): warning C4996: 'stricmp': The POSIX name for this item is deprecated. Instead, use the ISO C and C++ conformant name: _stricmp. See online help for details.
  (compiling source file '/Source/MQuestDropTable.cpp')
  
E:\2ITSOURCE2026\CSCommon\Source\MQuestDropTable.cpp(242,12): warning C4996: 'stricmp': The POSIX name for this item is deprecated. Instead, use the ISO C and C++ conformant name: _stricmp. See online help for details.
  (compiling source file '/Source/MQuestDropTable.cpp')
  
E:\2ITSOURCE2026\CSCommon\Source\MQuestDropTable.cpp(252,14): warning C4996: 'stricmp': The POSIX name for this item is deprecated. Instead, use the ISO C and C++ conformant name: _stricmp. See online help for details.
  (compiling source file '/Source/MQuestDropTable.cpp')
  
E:\2ITSOURCE2026\CSCommon\Source\MQuestDropTable.cpp(256,19): warning C4996: 'stricmp': The POSIX name for this item is deprecated. Instead, use the ISO C and C++ conformant name: _stricmp. See online help for details.
  (compiling source file '/Source/MQuestDropTable.cpp')
  
E:\2ITSOURCE2026\CSCommon\Source\MQuestDropTable.cpp(260,19): warning C4996: 'stricmp': The POSIX name for this item is deprecated. Instead, use the ISO C and C++ conformant name: _stricmp. See online help for details.
  (compiling source file '/Source/MQuestDropTable.cpp')
  
E:\2ITSOURCE2026\CSCommon\Source\MQuestDropTable.cpp(285,7): warning C4996: 'stricmp': The POSIX name for this item is deprecated. Instead, use the ISO C and C++ conformant name: _stricmp. See online help for details.
  (compiling source file '/Source/MQuestDropTable.cpp')
  
E:\2ITSOURCE2026\CSCommon\Source\MQuestDropTable.cpp(290,12): warning C4996: 'stricmp': The POSIX name for this item is deprecated. Instead, use the ISO C and C++ conformant name: _stricmp. See online help for details.
  (compiling source file '/Source/MQuestDropTable.cpp')
  
E:\2ITSOURCE2026\CSCommon\Source\MQuestDropTable.cpp(295,12): warning C4996: 'stricmp': The POSIX name for this item is deprecated. Instead, use the ISO C and C++ conformant name: _stricmp. See online help for details.
  (compiling source file '/Source/MQuestDropTable.cpp')
  
E:\2ITSOURCE2026\CSCommon\Source\MQuestDropTable.cpp(300,12): warning C4996: 'stricmp': The POSIX name for this item is deprecated. Instead, use the ISO C and C++ conformant name: _stricmp. See online help for details.
  (compiling source file '/Source/MQuestDropTable.cpp')
  
E:\2ITSOURCE2026\CSCommon\Source\MQuestDropTable.cpp(305,12): warning C4996: 'stricmp': The POSIX name for this item is deprecated. Instead, use the ISO C and C++ conformant name: _stricmp. See online help for details.
  (compiling source file '/Source/MQuestDropTable.cpp')
  
E:\2ITSOURCE2026\CSCommon\Source\MQuestDropTable.cpp(310,12): warning C4996: 'stricmp': The POSIX name for this item is deprecated. Instead, use the ISO C and C++ conformant name: _stricmp. See online help for details.
  (compiling source file '/Source/MQuestDropTable.cpp')
  
E:\2ITSOURCE2026\CSCommon\Source\MQuestDropTable.cpp(315,12): warning C4996: 'stricmp': The POSIX name for this item is deprecated. Instead, use the ISO C and C++ conformant name: _stricmp. See online help for details.
  (compiling source file '/Source/MQuestDropTable.cpp')
  
E:\2ITSOURCE2026\CSCommon\Source\MQuestDropTable.cpp(320,12): warning C4996: 'stricmp': The POSIX name for this item is deprecated. Instead, use the ISO C and C++ conformant name: _stricmp. See online help for details.
  (compiling source file '/Source/MQuestDropTable.cpp')
  
E:\2ITSOURCE2026\CSCommon\Source\MQuestDropTable.cpp(407,12): warning C4996: 'stricmp': The POSIX name for this item is deprecated. Instead, use the ISO C and C++ conformant name: _stricmp. See online help for details.
  (compiling source file '/Source/MQuestDropTable.cpp')
  
  MQuestFormula.cpp
  MQuestItem.cpp
E:\2ITSOURCE2026\CSCommon\Include\MAsyncDBJob.h(253,3): warning C4996: 'strcpy': This function or variable may be unsafe. Consider using strcpy_s instead. To disable deprecation, use _CRT_SECURE_NO_WARNINGS. See online help for details.
  (compiling source file '/Source/MQuestItem.cpp')
  
E:\2ITSOURCE2026\CSCommon\Include\MAsyncDBJob.h(292,3): warning C4996: 'strcpy': This function or variable may be unsafe. Consider using strcpy_s instead. To disable deprecation, use _CRT_SECURE_NO_WARNINGS. See online help for details.
  (compiling source file '/Source/MQuestItem.cpp')
  
E:\2ITSOURCE2026\CSCommon\Source\MQuestItem.cpp(168,8): warning C4996: 'stricmp': The POSIX name for this item is deprecated. Instead, use the ISO C and C++ conformant name: _stricmp. See online help for details.
  (compiling source file '/Source/MQuestItem.cpp')
  
E:\2ITSOURCE2026\CSCommon\Source\MQuestItem.cpp(238,8): warning C4996: 'stricmp': The POSIX name for this item is deprecated. Instead, use the ISO C and C++ conformant name: _stricmp. See online help for details.
  (compiling source file '/Source/MQuestItem.cpp')
  
E:\2ITSOURCE2026\CSCommon\Source\MQuestItem.cpp(269,4): warning C4996: 'strcpy': This function or variable may be unsafe. Consider using strcpy_s instead. To disable deprecation, use _CRT_SECURE_NO_WARNINGS. See online help for details.
  (compiling source file '/Source/MQuestItem.cpp')
  
E:\2ITSOURCE2026\CSCommon\Source\MQuestItem.cpp(282,18): warning C4996: 'stricmp': The POSIX name for this item is deprecated. Instead, use the ISO C and C++ conformant name: _stricmp. See online help for details.
  (compiling source file '/Source/MQuestItem.cpp')
  
E:\2ITSOURCE2026\CSCommon\Source\MQuestItem.cpp(286,4): warning C4996: 'strcpy': This function or variable may be unsafe. Consider using strcpy_s instead. To disable deprecation, use _CRT_SECURE_NO_WARNINGS. See online help for details.
  (compiling source file '/Source/MQuestItem.cpp')
  
  MQuestLevel.cpp
E:\2ITSOURCE2026\CSCommon\Source\MQuestLevel.cpp(149,51): warning C4267: '=': conversion from 'size_t' to 'unsigned char', possible loss of data
  (compiling source file '/Source/MQuestLevel.cpp')
  
E:\2ITSOURCE2026\CSCommon\Source\MQuestLevel.cpp(157,59): warning C4267: '=': conversion from 'size_t' to 'unsigned short', possible loss of data
  (compiling source file '/Source/MQuestLevel.cpp')
  
  MQuestLevelGenerator.cpp
  MQuestNPCSpawnTrigger.cpp
  MQuestPlayer.cpp
  MSacrificeQItemTable.cpp
E:\2ITSOURCE2026\CSCommon\Source\MSacrificeQItemTable.cpp(36,8): warning C4996: 'stricmp': The POSIX name for this item is deprecated. Instead, use the ISO C and C++ conformant name: _stricmp. See online help for details.
  (compiling source file '/Source/MSacrificeQItemTable.cpp')
  
E:\2ITSOURCE2026\CSCommon\Source\MSacrificeQItemTable.cpp(106,8): warning C4996: 'stricmp': The POSIX name for this item is deprecated. Instead, use the ISO C and C++ conformant name: _stricmp. See online help for details.
  (compiling source file '/Source/MSacrificeQItemTable.cpp')
  
E:\2ITSOURCE2026\CSCommon\Source\MSacrificeQItemTable.cpp(135,4): warning C4996: 'strcpy': This function or variable may be unsafe. Consider using strcpy_s instead. To disable deprecation, use _CRT_SECURE_NO_WARNINGS. See online help for details.
  (compiling source file '/Source/MSacrificeQItemTable.cpp')
  
  MSurvivalRankInfo.cpp
E:\2ITSOURCE2026\CSCommon\Source\MSurvivalRankInfo.cpp(30,2): warning C4996: 'strcpy': This function or variable may be unsafe. Consider using strcpy_s instead. To disable deprecation, use _CRT_SECURE_NO_WARNINGS. See online help for details.
  (compiling source file '/Source/MSurvivalRankInfo.cpp')
  
  MBaseQuest.cpp
E:\2ITSOURCE2026\CSCommon\Source\MBaseQuest.cpp(59,10): warning C4996: 'stricmp': The POSIX name for this item is deprecated. Instead, use the ISO C and C++ conformant name: _stricmp. See online help for details.
  (compiling source file '/Source/MBaseQuest.cpp')
  
  MQuestMap.cpp
E:\2ITSOURCE2026\CSCommon\Source\MQuestMap.cpp(47,8): warning C4996: 'stricmp': The POSIX name for this item is deprecated. Instead, use the ISO C and C++ conformant name: _stricmp. See online help for details.
  (compiling source file '/Source/MQuestMap.cpp')
  
E:\2ITSOURCE2026\CSCommon\Source\MQuestMap.cpp(138,8): warning C4996: 'stricmp': The POSIX name for this item is deprecated. Instead, use the ISO C and C++ conformant name: _stricmp. See online help for details.
  (compiling source file '/Source/MQuestMap.cpp')
  
E:\2ITSOURCE2026\CSCommon\Source\MQuestMap.cpp(142,13): warning C4996: 'stricmp': The POSIX name for this item is deprecated. Instead, use the ISO C and C++ conformant name: _stricmp. See online help for details.
  (compiling source file '/Source/MQuestMap.cpp')
  
E:\2ITSOURCE2026\CSCommon\Source\MQuestMap.cpp(144,4): warning C4996: 'strcpy': This function or variable may be unsafe. Consider using strcpy_s instead. To disable deprecation, use _CRT_SECURE_NO_WARNINGS. See online help for details.
  (compiling source file '/Source/MQuestMap.cpp')
  
E:\2ITSOURCE2026\CSCommon\Source\MQuestMap.cpp(160,8): warning C4996: 'stricmp': The POSIX name for this item is deprecated. Instead, use the ISO C and C++ conformant name: _stricmp. See online help for details.
  (compiling source file '/Source/MQuestMap.cpp')
  
E:\2ITSOURCE2026\CSCommon\Source\MQuestMap.cpp(167,10): warning C4996: 'stricmp': The POSIX name for this item is deprecated. Instead, use the ISO C and C++ conformant name: _stricmp. See online help for details.
  (compiling source file '/Source/MQuestMap.cpp')
  
E:\2ITSOURCE2026\CSCommon\Source\MQuestMap.cpp(204,8): warning C4996: 'stricmp': The POSIX name for this item is deprecated. Instead, use the ISO C and C++ conformant name: _stricmp. See online help for details.
  (compiling source file '/Source/MQuestMap.cpp')
  
E:\2ITSOURCE2026\CSCommon\Source\MQuestMap.cpp(212,10): warning C4996: 'stricmp': The POSIX name for this item is deprecated. Instead, use the ISO C and C++ conformant name: _stricmp. See online help for details.
  (compiling source file '/Source/MQuestMap.cpp')
  
E:\2ITSOURCE2026\CSCommon\Source\MQuestMap.cpp(214,6): warning C4996: 'strcpy': This function or variable may be unsafe. Consider using strcpy_s instead. To disable deprecation, use _CRT_SECURE_NO_WARNINGS. See online help for details.
  (compiling source file '/Source/MQuestMap.cpp')
  
E:\2ITSOURCE2026\CSCommon\Source\MQuestMap.cpp(229,10): warning C4996: 'stricmp': The POSIX name for this item is deprecated. Instead, use the ISO C and C++ conformant name: _stricmp. See online help for details.
  (compiling source file '/Source/MQuestMap.cpp')
  
E:\2ITSOURCE2026\CSCommon\Source\MQuestMap.cpp(267,8): warning C4996: 'stricmp': The POSIX name for this item is deprecated. Instead, use the ISO C and C++ conformant name: _stricmp. See online help for details.
  (compiling source file '/Source/MQuestMap.cpp')
  
E:\2ITSOURCE2026\CSCommon\Source\MQuestMap.cpp(275,10): warning C4996: 'stricmp': The POSIX name for this item is deprecated. Instead, use the ISO C and C++ conformant name: _stricmp. See online help for details.
  (compiling source file '/Source/MQuestMap.cpp')
  
E:\2ITSOURCE2026\CSCommon\Source\MQuestMap.cpp(279,15): warning C4996: 'stricmp': The POSIX name for this item is deprecated. Instead, use the ISO C and C++ conformant name: _stricmp. See online help for details.
  (compiling source file '/Source/MQuestMap.cpp')
  
E:\2ITSOURCE2026\CSCommon\Source\MQuestMap.cpp(281,6): warning C4996: 'strcpy': This function or variable may be unsafe. Consider using strcpy_s instead. To disable deprecation, use _CRT_SECURE_NO_WARNINGS. See online help for details.
  (compiling source file '/Source/MQuestMap.cpp')
  
E:\2ITSOURCE2026\CSCommon\Source\MQuestMap.cpp(283,15): warning C4996: 'stricmp': The POSIX name for this item is deprecated. Instead, use the ISO C and C++ conformant name: _stricmp. See online help for details.
  (compiling source file '/Source/MQuestMap.cpp')
  
E:\2ITSOURCE2026\CSCommon\Source\MQuestMap.cpp(287,15): warning C4996: 'stricmp': The POSIX name for this item is deprecated. Instead, use the ISO C and C++ conformant name: _stricmp. See online help for details.
  (compiling source file '/Source/MQuestMap.cpp')
  
E:\2ITSOURCE2026\CSCommon\Source\MQuestMap.cpp(291,15): warning C4996: 'stricmp': The POSIX name for this item is deprecated. Instead, use the ISO C and C++ conformant name: _stricmp. See online help for details.
  (compiling source file '/Source/MQuestMap.cpp')
  
E:\2ITSOURCE2026\CSCommon\Source\MQuestMap.cpp(332,8): warning C4996: 'stricmp': The POSIX name for this item is deprecated. Instead, use the ISO C and C++ conformant name: _stricmp. See online help for details.
  (compiling source file '/Source/MQuestMap.cpp')
  
E:\2ITSOURCE2026\CSCommon\Source\MQuestMap.cpp(399,8): warning C4996: 'stricmp': The POSIX name for this item is deprecated. Instead, use the ISO C and C++ conformant name: _stricmp. See online help for details.
  (compiling source file '/Source/MQuestMap.cpp')
  
E:\2ITSOURCE2026\CSCommon\Source\MQuestMap.cpp(414,13): warning C4996: 'fopen': This function or variable may be unsafe. Consider using fopen_s instead. To disable deprecation, use _CRT_SECURE_NO_WARNINGS. See online help for details.
  (compiling source file '/Source/MQuestMap.cpp')
  
  MQuestNPC.cpp
E:\2ITSOURCE2026\CSCommon\Source\MQuestNPC.cpp(189,8): warning C4996: 'stricmp': The POSIX name for this item is deprecated. Instead, use the ISO C and C++ conformant name: _stricmp. See online help for details.
  (compiling source file '/Source/MQuestNPC.cpp')
  
E:\2ITSOURCE2026\CSCommon\Source\MQuestNPC.cpp(193,13): warning C4996: 'stricmp': The POSIX name for this item is deprecated. Instead, use the ISO C and C++ conformant name: _stricmp. See online help for details.
  (compiling source file '/Source/MQuestNPC.cpp')
  
E:\2ITSOURCE2026\CSCommon\Source\MQuestNPC.cpp(257,8): warning C4996: 'stricmp': The POSIX name for this item is deprecated. Instead, use the ISO C and C++ conformant name: _stricmp. See online help for details.
  (compiling source file '/Source/MQuestNPC.cpp')
  
E:\2ITSOURCE2026\CSCommon\Source\MQuestNPC.cpp(260,13): warning C4996: 'stricmp': The POSIX name for this item is deprecated. Instead, use the ISO C and C++ conformant name: _stricmp. See online help for details.
  (compiling source file '/Source/MQuestNPC.cpp')
  
E:\2ITSOURCE2026\CSCommon\Source\MQuestNPC.cpp(287,8): warning C4996: 'stricmp': The POSIX name for this item is deprecated. Instead, use the ISO C and C++ conformant name: _stricmp. See online help for details.
  (compiling source file '/Source/MQuestNPC.cpp')
  
E:\2ITSOURCE2026\CSCommon\Source\MQuestNPC.cpp(291,13): warning C4996: 'stricmp': The POSIX name for this item is deprecated. Instead, use the ISO C and C++ conformant name: _stricmp. See online help for details.
  (compiling source file '/Source/MQuestNPC.cpp')
  
E:\2ITSOURCE2026\CSCommon\Source\MQuestNPC.cpp(293,4): warning C4996: 'strcpy': This function or variable may be unsafe. Consider using strcpy_s instead. To disable deprecation, use _CRT_SECURE_NO_WARNINGS. See online help for details.
  (compiling source file '/Source/MQuestNPC.cpp')
  
E:\2ITSOURCE2026\CSCommon\Source\MQuestNPC.cpp(295,13): warning C4996: 'stricmp': The POSIX name for this item is deprecated. Instead, use the ISO C and C++ conformant name: _stricmp. See online help for details.
  (compiling source file '/Source/MQuestNPC.cpp')
  
E:\2ITSOURCE2026\CSCommon\Source\MQuestNPC.cpp(297,4): warning C4996: 'strcpy': This function or variable may be unsafe. Consider using strcpy_s instead. To disable deprecation, use _CRT_SECURE_NO_WARNINGS. See online help for details.
  (compiling source file '/Source/MQuestNPC.cpp')
  
E:\2ITSOURCE2026\CSCommon\Source\MQuestNPC.cpp(299,13): warning C4996: 'stricmp': The POSIX name for this item is deprecated. Instead, use the ISO C and C++ conformant name: _stricmp. See online help for details.
  (compiling source file '/Source/MQuestNPC.cpp')
  
E:\2ITSOURCE2026\CSCommon\Source\MQuestNPC.cpp(301,4): warning C4996: 'strcpy': This function or variable may be unsafe. Consider using strcpy_s instead. To disable deprecation, use _CRT_SECURE_NO_WARNINGS. See online help for details.
  (compiling source file '/Source/MQuestNPC.cpp')
  
E:\2ITSOURCE2026\CSCommon\Source\MQuestNPC.cpp(303,13): warning C4996: 'stricmp': The POSIX name for this item is deprecated. Instead, use the ISO C and C++ conformant name: _stricmp. See online help for details.
  (compiling source file '/Source/MQuestNPC.cpp')
  
E:\2ITSOURCE2026\CSCommon\Source\MQuestNPC.cpp(305,8): warning C4996: 'stricmp': The POSIX name for this item is deprecated. Instead, use the ISO C and C++ conformant name: _stricmp. See online help for details.
  (compiling source file '/Source/MQuestNPC.cpp')
  
E:\2ITSOURCE2026\CSCommon\Source\MQuestNPC.cpp(306,13): warning C4996: 'stricmp': The POSIX name for this item is deprecated. Instead, use the ISO C and C++ conformant name: _stricmp. See online help for details.
  (compiling source file '/Source/MQuestNPC.cpp')
  
E:\2ITSOURCE2026\CSCommon\Source\MQuestNPC.cpp(307,13): warning C4996: 'stricmp': The POSIX name for this item is deprecated. Instead, use the ISO C and C++ conformant name: _stricmp. See online help for details.
  (compiling source file '/Source/MQuestNPC.cpp')
  
E:\2ITSOURCE2026\CSCommon\Source\MQuestNPC.cpp(308,13): warning C4996: 'stricmp': The POSIX name for this item is deprecated. Instead, use the ISO C and C++ conformant name: _stricmp. See online help for details.
  (compiling source file '/Source/MQuestNPC.cpp')
  
E:\2ITSOURCE2026\CSCommon\Source\MQuestNPC.cpp(311,13): warning C4996: 'stricmp': The POSIX name for this item is deprecated. Instead, use the ISO C and C++ conformant name: _stricmp. See online help for details.
  (compiling source file '/Source/MQuestNPC.cpp')
  
E:\2ITSOURCE2026\CSCommon\Source\MQuestNPC.cpp(315,13): warning C4996: 'stricmp': The POSIX name for this item is deprecated. Instead, use the ISO C and C++ conformant name: _stricmp. See online help for details.
  (compiling source file '/Source/MQuestNPC.cpp')
  
E:\2ITSOURCE2026\CSCommon\Source\MQuestNPC.cpp(319,13): warning C4996: 'stricmp': The POSIX name for this item is deprecated. Instead, use the ISO C and C++ conformant name: _stricmp. See online help for details.
  (compiling source file '/Source/MQuestNPC.cpp')
  
E:\2ITSOURCE2026\CSCommon\Source\MQuestNPC.cpp(323,13): warning C4996: 'stricmp': The POSIX name for this item is deprecated. Instead, use the ISO C and C++ conformant name: _stricmp. See online help for details.
  (compiling source file '/Source/MQuestNPC.cpp')
  
E:\2ITSOURCE2026\CSCommon\Source\MQuestNPC.cpp(327,13): warning C4996: 'stricmp': The POSIX name for this item is deprecated. Instead, use the ISO C and C++ conformant name: _stricmp. See online help for details.
  (compiling source file '/Source/MQuestNPC.cpp')
  
E:\2ITSOURCE2026\CSCommon\Source\MQuestNPC.cpp(329,4): warning C4996: 'sscanf': This function or variable may be unsafe. Consider using sscanf_s instead. To disable deprecation, use _CRT_SECURE_NO_WARNINGS. See online help for details.
  (compiling source file '/Source/MQuestNPC.cpp')
  
E:\2ITSOURCE2026\CSCommon\Source\MQuestNPC.cpp(331,13): warning C4996: 'stricmp': The POSIX name for this item is deprecated. Instead, use the ISO C and C++ conformant name: _stricmp. See online help for details.
  (compiling source file '/Source/MQuestNPC.cpp')
  
E:\2ITSOURCE2026\CSCommon\Source\MQuestNPC.cpp(335,13): warning C4996: 'stricmp': The POSIX name for this item is deprecated. Instead, use the ISO C and C++ conformant name: _stricmp. See online help for details.
  (compiling source file '/Source/MQuestNPC.cpp')
  
E:\2ITSOURCE2026\CSCommon\Source\MQuestNPC.cpp(340,13): warning C4996: 'stricmp': The POSIX name for this item is deprecated. Instead, use the ISO C and C++ conformant name: _stricmp. See online help for details.
  (compiling source file '/Source/MQuestNPC.cpp')
  
E:\2ITSOURCE2026\CSCommon\Source\MQuestNPC.cpp(344,13): warning C4996: 'stricmp': The POSIX name for this item is deprecated. Instead, use the ISO C and C++ conformant name: _stricmp. See online help for details.
  (compiling source file '/Source/MQuestNPC.cpp')
  
E:\2ITSOURCE2026\CSCommon\Source\MQuestNPC.cpp(348,13): warning C4996: 'stricmp': The POSIX name for this item is deprecated. Instead, use the ISO C and C++ conformant name: _stricmp. See online help for details.
  (compiling source file '/Source/MQuestNPC.cpp')
  
E:\2ITSOURCE2026\CSCommon\Source\MQuestNPC.cpp(350,10): warning C4996: 'stricmp': The POSIX name for this item is deprecated. Instead, use the ISO C and C++ conformant name: _stricmp. See online help for details.
  (compiling source file '/Source/MQuestNPC.cpp')
  
E:\2ITSOURCE2026\CSCommon\Source\MQuestNPC.cpp(365,8): warning C4996: 'stricmp': The POSIX name for this item is deprecated. Instead, use the ISO C and C++ conformant name: _stricmp. See online help for details.
  (compiling source file '/Source/MQuestNPC.cpp')
  
E:\2ITSOURCE2026\CSCommon\Source\MQuestNPC.cpp(371,10): warning C4996: 'stricmp': The POSIX name for this item is deprecated. Instead, use the ISO C and C++ conformant name: _stricmp. See online help for details.
  (compiling source file '/Source/MQuestNPC.cpp')
  
E:\2ITSOURCE2026\CSCommon\Source\MQuestNPC.cpp(375,15): warning C4996: 'stricmp': The POSIX name for this item is deprecated. Instead, use the ISO C and C++ conformant name: _stricmp. See online help for details.
  (compiling source file '/Source/MQuestNPC.cpp')
  
E:\2ITSOURCE2026\CSCommon\Source\MQuestNPC.cpp(379,15): warning C4996: 'stricmp': The POSIX name for this item is deprecated. Instead, use the ISO C and C++ conformant name: _stricmp. See online help for details.
  (compiling source file '/Source/MQuestNPC.cpp')
  
E:\2ITSOURCE2026\CSCommon\Source\MQuestNPC.cpp(381,10): warning C4996: 'stricmp': The POSIX name for this item is deprecated. Instead, use the ISO C and C++ conformant name: _stricmp. See online help for details.
  (compiling source file '/Source/MQuestNPC.cpp')
  
E:\2ITSOURCE2026\CSCommon\Source\MQuestNPC.cpp(383,15): warning C4996: 'stricmp': The POSIX name for this item is deprecated. Instead, use the ISO C and C++ conformant name: _stricmp. See online help for details.
  (compiling source file '/Source/MQuestNPC.cpp')
  
E:\2ITSOURCE2026\CSCommon\Source\MQuestNPC.cpp(390,13): warning C4996: 'stricmp': The POSIX name for this item is deprecated. Instead, use the ISO C and C++ conformant name: _stricmp. See online help for details.
  (compiling source file '/Source/MQuestNPC.cpp')
  
E:\2ITSOURCE2026\CSCommon\Source\MQuestNPC.cpp(396,10): warning C4996: 'stricmp': The POSIX name for this item is deprecated. Instead, use the ISO C and C++ conformant name: _stricmp. See online help for details.
  (compiling source file '/Source/MQuestNPC.cpp')
  
E:\2ITSOURCE2026\CSCommon\Source\MQuestNPC.cpp(398,10): warning C4996: 'stricmp': The POSIX name for this item is deprecated. Instead, use the ISO C and C++ conformant name: _stricmp. See online help for details.
  (compiling source file '/Source/MQuestNPC.cpp')
  
E:\2ITSOURCE2026\CSCommon\Source\MQuestNPC.cpp(399,15): warning C4996: 'stricmp': The POSIX name for this item is deprecated. Instead, use the ISO C and C++ conformant name: _stricmp. See online help for details.
  (compiling source file '/Source/MQuestNPC.cpp')
  
E:\2ITSOURCE2026\CSCommon\Source\MQuestNPC.cpp(400,15): warning C4996: 'stricmp': The POSIX name for this item is deprecated. Instead, use the ISO C and C++ conformant name: _stricmp. See online help for details.
  (compiling source file '/Source/MQuestNPC.cpp')
  
E:\2ITSOURCE2026\CSCommon\Source\MQuestNPC.cpp(403,15): warning C4996: 'stricmp': The POSIX name for this item is deprecated. Instead, use the ISO C and C++ conformant name: _stricmp. See online help for details.
  (compiling source file '/Source/MQuestNPC.cpp')
  
E:\2ITSOURCE2026\CSCommon\Source\MQuestNPC.cpp(407,15): warning C4996: 'stricmp': The POSIX name for this item is deprecated. Instead, use the ISO C and C++ conformant name: _stricmp. See online help for details.
  (compiling source file '/Source/MQuestNPC.cpp')
  
E:\2ITSOURCE2026\CSCommon\Source\MQuestNPC.cpp(412,15): warning C4996: 'stricmp': The POSIX name for this item is deprecated. Instead, use the ISO C and C++ conformant name: _stricmp. See online help for details.
  (compiling source file '/Source/MQuestNPC.cpp')
  
E:\2ITSOURCE2026\CSCommon\Source\MQuestNPC.cpp(416,15): warning C4996: 'stricmp': The POSIX name for this item is deprecated. Instead, use the ISO C and C++ conformant name: _stricmp. See online help for details.
  (compiling source file '/Source/MQuestNPC.cpp')
  
E:\2ITSOURCE2026\CSCommon\Source\MQuestNPC.cpp(420,15): warning C4996: 'stricmp': The POSIX name for this item is deprecated. Instead, use the ISO C and C++ conformant name: _stricmp. See online help for details.
  (compiling source file '/Source/MQuestNPC.cpp')
  
E:\2ITSOURCE2026\CSCommon\Source\MQuestNPC.cpp(428,13): warning C4996: 'stricmp': The POSIX name for this item is deprecated. Instead, use the ISO C and C++ conformant name: _stricmp. See online help for details.
  (compiling source file '/Source/MQuestNPC.cpp')
  
E:\2ITSOURCE2026\CSCommon\Source\MQuestNPC.cpp(434,10): warning C4996: 'stricmp': The POSIX name for this item is deprecated. Instead, use the ISO C and C++ conformant name: _stricmp. See online help for details.
  (compiling source file '/Source/MQuestNPC.cpp')
  
E:\2ITSOURCE2026\CSCommon\Source\MQuestNPC.cpp(438,15): warning C4996: 'stricmp': The POSIX name for this item is deprecated. Instead, use the ISO C and C++ conformant name: _stricmp. See online help for details.
  (compiling source file '/Source/MQuestNPC.cpp')
  
E:\2ITSOURCE2026\CSCommon\Source\MQuestNPC.cpp(445,13): warning C4996: 'stricmp': The POSIX name for this item is deprecated. Instead, use the ISO C and C++ conformant name: _stricmp. See online help for details.
  (compiling source file '/Source/MQuestNPC.cpp')
  
E:\2ITSOURCE2026\CSCommon\Source\MQuestNPC.cpp(451,10): warning C4996: 'stricmp': The POSIX name for this item is deprecated. Instead, use the ISO C and C++ conformant name: _stricmp. See online help for details.
  (compiling source file '/Source/MQuestNPC.cpp')
  
E:\2ITSOURCE2026\CSCommon\Source\MQuestNPC.cpp(453,10): warning C4996: 'stricmp': The POSIX name for this item is deprecated. Instead, use the ISO C and C++ conformant name: _stricmp. See online help for details.
  (compiling source file '/Source/MQuestNPC.cpp')
  
E:\2ITSOURCE2026\CSCommon\Source\MQuestNPC.cpp(456,15): warning C4996: 'stricmp': The POSIX name for this item is deprecated. Instead, use the ISO C and C++ conformant name: _stricmp. See online help for details.
  (compiling source file '/Source/MQuestNPC.cpp')
  
E:\2ITSOURCE2026\CSCommon\Source\MQuestNPC.cpp(458,10): warning C4996: 'stricmp': The POSIX name for this item is deprecated. Instead, use the ISO C and C++ conformant name: _stricmp. See online help for details.
  (compiling source file '/Source/MQuestNPC.cpp')
  
E:\2ITSOURCE2026\CSCommon\Source\MQuestNPC.cpp(461,15): warning C4996: 'stricmp': The POSIX name for this item is deprecated. Instead, use the ISO C and C++ conformant name: _stricmp. See online help for details.
  (compiling source file '/Source/MQuestNPC.cpp')
  
E:\2ITSOURCE2026\CSCommon\Source\MQuestNPC.cpp(463,10): warning C4996: 'stricmp': The POSIX name for this item is deprecated. Instead, use the ISO C and C++ conformant name: _stricmp. See online help for details.
  (compiling source file '/Source/MQuestNPC.cpp')
  
E:\2ITSOURCE2026\CSCommon\Source\MQuestNPC.cpp(466,15): warning C4996: 'stricmp': The POSIX name for this item is deprecated. Instead, use the ISO C and C++ conformant name: _stricmp. See online help for details.
  (compiling source file '/Source/MQuestNPC.cpp')
  
E:\2ITSOURCE2026\CSCommon\Source\MQuestNPC.cpp(468,10): warning C4996: 'stricmp': The POSIX name for this item is deprecated. Instead, use the ISO C and C++ conformant name: _stricmp. See online help for details.
  (compiling source file '/Source/MQuestNPC.cpp')
  
E:\2ITSOURCE2026\CSCommon\Source\MQuestNPC.cpp(471,15): warning C4996: 'stricmp': The POSIX name for this item is deprecated. Instead, use the ISO C and C++ conformant name: _stricmp. See online help for details.
  (compiling source file '/Source/MQuestNPC.cpp')
  
E:\2ITSOURCE2026\CSCommon\Source\MQuestNPC.cpp(473,10): warning C4996: 'stricmp': The POSIX name for this item is deprecated. Instead, use the ISO C and C++ conformant name: _stricmp. See online help for details.
  (compiling source file '/Source/MQuestNPC.cpp')
  
E:\2ITSOURCE2026\CSCommon\Source\MQuestNPC.cpp(476,15): warning C4996: 'stricmp': The POSIX name for this item is deprecated. Instead, use the ISO C and C++ conformant name: _stricmp. See online help for details.
  (compiling source file '/Source/MQuestNPC.cpp')
  
E:\2ITSOURCE2026\CSCommon\Source\MQuestNPC.cpp(478,10): warning C4996: 'stricmp': The POSIX name for this item is deprecated. Instead, use the ISO C and C++ conformant name: _stricmp. See online help for details.
  (compiling source file '/Source/MQuestNPC.cpp')
  
E:\2ITSOURCE2026\CSCommon\Source\MQuestNPC.cpp(483,13): warning C4996: 'stricmp': The POSIX name for this item is deprecated. Instead, use the ISO C and C++ conformant name: _stricmp. See online help for details.
  (compiling source file '/Source/MQuestNPC.cpp')
  
E:\2ITSOURCE2026\CSCommon\Source\MQuestNPC.cpp(496,8): warning C4996: 'stricmp': The POSIX name for this item is deprecated. Instead, use the ISO C and C++ conformant name: _stricmp. See online help for details.
  (compiling source file '/Source/MQuestNPC.cpp')
  
E:\2ITSOURCE2026\CSCommon\Source\MQuestNPC.cpp(502,10): warning C4996: 'stricmp': The POSIX name for this item is deprecated. Instead, use the ISO C and C++ conformant name: _stricmp. See online help for details.
  (compiling source file '/Source/MQuestNPC.cpp')
  
E:\2ITSOURCE2026\CSCommon\Source\MQuestNPC.cpp(504,6): warning C4996: 'strcpy': This function or variable may be unsafe. Consider using strcpy_s instead. To disable deprecation, use _CRT_SECURE_NO_WARNINGS. See online help for details.
  (compiling source file '/Source/MQuestNPC.cpp')
  
E:\2ITSOURCE2026\CSCommon\Source\MQuestNPC.cpp(506,15): warning C4996: 'stricmp': The POSIX name for this item is deprecated. Instead, use the ISO C and C++ conformant name: _stricmp. See online help for details.
  (compiling source file '/Source/MQuestNPC.cpp')
  
E:\2ITSOURCE2026\CSCommon\Source\MQuestNPC.cpp(508,6): warning C4996: 'strcpy': This function or variable may be unsafe. Consider using strcpy_s instead. To disable deprecation, use _CRT_SECURE_NO_WARNINGS. See online help for details.
  (compiling source file '/Source/MQuestNPC.cpp')
  
E:\2ITSOURCE2026\CSCommon\Source\MQuestNPC.cpp(510,15): warning C4996: 'stricmp': The POSIX name for this item is deprecated. Instead, use the ISO C and C++ conformant name: _stricmp. See online help for details.
  (compiling source file '/Source/MQuestNPC.cpp')
  
E:\2ITSOURCE2026\CSCommon\Source\MQuestNPC.cpp(512,6): warning C4996: 'strcpy': This function or variable may be unsafe. Consider using strcpy_s instead. To disable deprecation, use _CRT_SECURE_NO_WARNINGS. See online help for details.
  (compiling source file '/Source/MQuestNPC.cpp')
  
E:\2ITSOURCE2026\CSCommon\Source\MQuestNPC.cpp(517,13): warning C4996: 'stricmp': The POSIX name for this item is deprecated. Instead, use the ISO C and C++ conformant name: _stricmp. See online help for details.
  (compiling source file '/Source/MQuestNPC.cpp')
  
E:\2ITSOURCE2026\CSCommon\Source\MQuestNPC.cpp(523,10): warning C4996: 'stricmp': The POSIX name for this item is deprecated. Instead, use the ISO C and C++ conformant name: _stricmp. See online help for details.
  (compiling source file '/Source/MQuestNPC.cpp')
  
E:\2ITSOURCE2026\CSCommon\Source\MQuestNPC.cpp(525,6): warning C4996: 'strcpy': This function or variable may be unsafe. Consider using strcpy_s instead. To disable deprecation, use _CRT_SECURE_NO_WARNINGS. See online help for details.
  (compiling source file '/Source/MQuestNPC.cpp')
  
E:\2ITSOURCE2026\CSCommon\Source\MQuestNPC.cpp(551,8): warning C4996: 'stricmp': The POSIX name for this item is deprecated. Instead, use the ISO C and C++ conformant name: _stricmp. See online help for details.
  (compiling source file '/Source/MQuestNPC.cpp')
  
E:\2ITSOURCE2026\CSCommon\Source\MQuestNPC.cpp(557,10): warning C4996: 'stricmp': The POSIX name for this item is deprecated. Instead, use the ISO C and C++ conformant name: _stricmp. See online help for details.
  (compiling source file '/Source/MQuestNPC.cpp')
  
E:\2ITSOURCE2026\CSCommon\Source\MQuestNPC.cpp(561,15): warning C4996: 'stricmp': The POSIX name for this item is deprecated. Instead, use the ISO C and C++ conformant name: _stricmp. See online help for details.
  (compiling source file '/Source/MQuestNPC.cpp')
  
E:\2ITSOURCE2026\CSCommon\Source\MQuestNPC.cpp(565,15): warning C4996: 'stricmp': The POSIX name for this item is deprecated. Instead, use the ISO C and C++ conformant name: _stricmp. See online help for details.
  (compiling source file '/Source/MQuestNPC.cpp')
  
E:\2ITSOURCE2026\CSCommon\Source\MQuestNPC.cpp(572,13): warning C4996: 'stricmp': The POSIX name for this item is deprecated. Instead, use the ISO C and C++ conformant name: _stricmp. See online help for details.
  (compiling source file '/Source/MQuestNPC.cpp')
  
E:\2ITSOURCE2026\CSCommon\Source\MQuestNPC.cpp(583,10): warning C4996: 'stricmp': The POSIX name for this item is deprecated. Instead, use the ISO C and C++ conformant name: _stricmp. See online help for details.
  (compiling source file '/Source/MQuestNPC.cpp')
  
E:\2ITSOURCE2026\CSCommon\Source\MQuestNPC.cpp(600,13): warning C4996: 'stricmp': The POSIX name for this item is deprecated. Instead, use the ISO C and C++ conformant name: _stricmp. See online help for details.
  (compiling source file '/Source/MQuestNPC.cpp')
  
E:\2ITSOURCE2026\CSCommon\Source\MQuestNPC.cpp(611,10): warning C4996: 'stricmp': The POSIX name for this item is deprecated. Instead, use the ISO C and C++ conformant name: _stricmp. See online help for details.
  (compiling source file '/Source/MQuestNPC.cpp')
  
E:\2ITSOURCE2026\CSCommon\Source\MQuestNPC.cpp(669,2): warning C4996: 'strcpy': This function or variable may be unsafe. Consider using strcpy_s instead. To disable deprecation, use _CRT_SECURE_NO_WARNINGS. See online help for details.
  (compiling source file '/Source/MQuestNPC.cpp')
  
E:\2ITSOURCE2026\CSCommon\Source\MQuestNPC.cpp(670,19): warning C4996: '_strlwr': This function or variable may be unsafe. Consider using _strlwr_s instead. To disable deprecation, use _CRT_SECURE_NO_WARNINGS. See online help for details.
  (compiling source file '/Source/MQuestNPC.cpp')
  
E:\2ITSOURCE2026\CSCommon\Source\MQuestNPC.cpp(696,2): warning C4996: 'strcpy': This function or variable may be unsafe. Consider using strcpy_s instead. To disable deprecation, use _CRT_SECURE_NO_WARNINGS. See online help for details.
  (compiling source file '/Source/MQuestNPC.cpp')
  
E:\2ITSOURCE2026\CSCommon\Source\MQuestNPC.cpp(698,19): warning C4996: '_strlwr': This function or variable may be unsafe. Consider using _strlwr_s instead. To disable deprecation, use _CRT_SECURE_NO_WARNINGS. See online help for details.
  (compiling source file '/Source/MQuestNPC.cpp')
  
E:\2ITSOURCE2026\CSCommon\Source\MQuestNPC.cpp(742,8): warning C4996: 'stricmp': The POSIX name for this item is deprecated. Instead, use the ISO C and C++ conformant name: _stricmp. See online help for details.
  (compiling source file '/Source/MQuestNPC.cpp')
  
E:\2ITSOURCE2026\CSCommon\Source\MQuestNPC.cpp(805,8): warning C4996: 'stricmp': The POSIX name for this item is deprecated. Instead, use the ISO C and C++ conformant name: _stricmp. See online help for details.
  (compiling source file '/Source/MQuestNPC.cpp')
  
E:\2ITSOURCE2026\CSCommon\Source\MQuestNPC.cpp(830,8): warning C4996: 'stricmp': The POSIX name for this item is deprecated. Instead, use the ISO C and C++ conformant name: _stricmp. See online help for details.
  (compiling source file '/Source/MQuestNPC.cpp')
  
E:\2ITSOURCE2026\CSCommon\Source\MQuestNPC.cpp(834,13): warning C4996: 'stricmp': The POSIX name for this item is deprecated. Instead, use the ISO C and C++ conformant name: _stricmp. See online help for details.
  (compiling source file '/Source/MQuestNPC.cpp')
  
E:\2ITSOURCE2026\CSCommon\Source\MQuestNPC.cpp(836,4): warning C4996: 'strcpy': This function or variable may be unsafe. Consider using strcpy_s instead. To disable deprecation, use _CRT_SECURE_NO_WARNINGS. See online help for details.
  (compiling source file '/Source/MQuestNPC.cpp')
  
E:\2ITSOURCE2026\CSCommon\Source\MQuestNPC.cpp(838,13): warning C4996: 'stricmp': The POSIX name for this item is deprecated. Instead, use the ISO C and C++ conformant name: _stricmp. See online help for details.
  (compiling source file '/Source/MQuestNPC.cpp')
  
E:\2ITSOURCE2026\CSCommon\Source\MQuestNPC.cpp(854,8): warning C4996: 'stricmp': The POSIX name for this item is deprecated. Instead, use the ISO C and C++ conformant name: _stricmp. See online help for details.
  (compiling source file '/Source/MQuestNPC.cpp')
  
E:\2ITSOURCE2026\CSCommon\Source\MQuestNPC.cpp(862,10): warning C4996: 'stricmp': The POSIX name for this item is deprecated. Instead, use the ISO C and C++ conformant name: _stricmp. See online help for details.
  (compiling source file '/Source/MQuestNPC.cpp')
  
E:\2ITSOURCE2026\CSCommon\Source\MQuestNPC.cpp(866,15): warning C4996: 'stricmp': The POSIX name for this item is deprecated. Instead, use the ISO C and C++ conformant name: _stricmp. See online help for details.
  (compiling source file '/Source/MQuestNPC.cpp')
  
E:\2ITSOURCE2026\CSCommon\Source\MQuestNPC.cpp(871,15): warning C4996: 'stricmp': The POSIX name for this item is deprecated. Instead, use the ISO C and C++ conformant name: _stricmp. See online help for details.
  (compiling source file '/Source/MQuestNPC.cpp')
  
E:\2ITSOURCE2026\CSCommon\Source\MQuestNPC.cpp(876,15): warning C4996: 'stricmp': The POSIX name for this item is deprecated. Instead, use the ISO C and C++ conformant name: _stricmp. See online help for details.
  (compiling source file '/Source/MQuestNPC.cpp')
  
  MQuestScenario.cpp
E:\2ITSOURCE2026\CSCommon\Source\MQuestScenario.cpp(228,8): warning C4996: 'stricmp': The POSIX name for this item is deprecated. Instead, use the ISO C and C++ conformant name: _stricmp. See online help for details.
  (compiling source file '/Source/MQuestScenario.cpp')
  
E:\2ITSOURCE2026\CSCommon\Source\MQuestScenario.cpp(232,13): warning C4996: 'stricmp': The POSIX name for this item is deprecated. Instead, use the ISO C and C++ conformant name: _stricmp. See online help for details.
  (compiling source file '/Source/MQuestScenario.cpp')
  
E:\2ITSOURCE2026\CSCommon\Source\MQuestScenario.cpp(234,4): warning C4996: 'strcpy': This function or variable may be unsafe. Consider using strcpy_s instead. To disable deprecation, use _CRT_SECURE_NO_WARNINGS. See online help for details.
  (compiling source file '/Source/MQuestScenario.cpp')
  
E:\2ITSOURCE2026\CSCommon\Source\MQuestScenario.cpp(236,13): warning C4996: 'stricmp': The POSIX name for this item is deprecated. Instead, use the ISO C and C++ conformant name: _stricmp. See online help for details.
  (compiling source file '/Source/MQuestScenario.cpp')
  
E:\2ITSOURCE2026\CSCommon\Source\MQuestScenario.cpp(240,13): warning C4996: 'stricmp': The POSIX name for this item is deprecated. Instead, use the ISO C and C++ conformant name: _stricmp. See online help for details.
  (compiling source file '/Source/MQuestScenario.cpp')
  
E:\2ITSOURCE2026\CSCommon\Source\MQuestScenario.cpp(244,13): warning C4996: 'stricmp': The POSIX name for this item is deprecated. Instead, use the ISO C and C++ conformant name: _stricmp. See online help for details.
  (compiling source file '/Source/MQuestScenario.cpp')
  
E:\2ITSOURCE2026\CSCommon\Source\MQuestScenario.cpp(247,10): warning C4996: 'stricmp': The POSIX name for this item is deprecated. Instead, use the ISO C and C++ conformant name: _stricmp. See online help for details.
  (compiling source file '/Source/MQuestScenario.cpp')
  
E:\2ITSOURCE2026\CSCommon\Source\MQuestScenario.cpp(249,10): warning C4996: 'stricmp': The POSIX name for this item is deprecated. Instead, use the ISO C and C++ conformant name: _stricmp. See online help for details.
  (compiling source file '/Source/MQuestScenario.cpp')
  
E:\2ITSOURCE2026\CSCommon\Source\MQuestScenario.cpp(251,10): warning C4996: 'stricmp': The POSIX name for this item is deprecated. Instead, use the ISO C and C++ conformant name: _stricmp. See online help for details.
  (compiling source file '/Source/MQuestScenario.cpp')
  
E:\2ITSOURCE2026\CSCommon\Source\MQuestScenario.cpp(254,13): warning C4996: 'stricmp': The POSIX name for this item is deprecated. Instead, use the ISO C and C++ conformant name: _stricmp. See online help for details.
  (compiling source file '/Source/MQuestScenario.cpp')
  
E:\2ITSOURCE2026\CSCommon\Source\MQuestScenario.cpp(258,13): warning C4996: 'stricmp': The POSIX name for this item is deprecated. Instead, use the ISO C and C++ conformant name: _stricmp. See online help for details.
  (compiling source file '/Source/MQuestScenario.cpp')
  
E:\2ITSOURCE2026\CSCommon\Source\MQuestScenario.cpp(262,13): warning C4996: 'stricmp': The POSIX name for this item is deprecated. Instead, use the ISO C and C++ conformant name: _stricmp. See online help for details.
  (compiling source file '/Source/MQuestScenario.cpp')
  
E:\2ITSOURCE2026\CSCommon\Source\MQuestScenario.cpp(266,13): warning C4996: 'stricmp': The POSIX name for this item is deprecated. Instead, use the ISO C and C++ conformant name: _stricmp. See online help for details.
  (compiling source file '/Source/MQuestScenario.cpp')
  
E:\2ITSOURCE2026\CSCommon\Source\MQuestScenario.cpp(281,8): warning C4996: 'stricmp': The POSIX name for this item is deprecated. Instead, use the ISO C and C++ conformant name: _stricmp. See online help for details.
  (compiling source file '/Source/MQuestScenario.cpp')
  
E:\2ITSOURCE2026\CSCommon\Source\MQuestScenario.cpp(285,13): warning C4996: 'stricmp': The POSIX name for this item is deprecated. Instead, use the ISO C and C++ conformant name: _stricmp. See online help for details.
  (compiling source file '/Source/MQuestScenario.cpp')
  
E:\2ITSOURCE2026\CSCommon\Source\MQuestScenario.cpp(289,13): warning C4996: 'stricmp': The POSIX name for this item is deprecated. Instead, use the ISO C and C++ conformant name: _stricmp. See online help for details.
  (compiling source file '/Source/MQuestScenario.cpp')
  
E:\2ITSOURCE2026\CSCommon\Source\MQuestScenario.cpp(314,8): warning C4996: 'stricmp': The POSIX name for this item is deprecated. Instead, use the ISO C and C++ conformant name: _stricmp. See online help for details.
  (compiling source file '/Source/MQuestScenario.cpp')
  
E:\2ITSOURCE2026\CSCommon\Source\MQuestScenario.cpp(316,4): warning C4996: 'strcpy': This function or variable may be unsafe. Consider using strcpy_s instead. To disable deprecation, use _CRT_SECURE_NO_WARNINGS. See online help for details.
  (compiling source file '/Source/MQuestScenario.cpp')
  
E:\2ITSOURCE2026\CSCommon\Source\MQuestScenario.cpp(318,13): warning C4996: 'stricmp': The POSIX name for this item is deprecated. Instead, use the ISO C and C++ conformant name: _stricmp. See online help for details.
  (compiling source file '/Source/MQuestScenario.cpp')
  
E:\2ITSOURCE2026\CSCommon\Source\MQuestScenario.cpp(322,13): warning C4996: 'stricmp': The POSIX name for this item is deprecated. Instead, use the ISO C and C++ conformant name: _stricmp. See online help for details.
  (compiling source file '/Source/MQuestScenario.cpp')
  
E:\2ITSOURCE2026\CSCommon\Source\MQuestScenario.cpp(326,13): warning C4996: 'stricmp': The POSIX name for this item is deprecated. Instead, use the ISO C and C++ conformant name: _stricmp. See online help for details.
  (compiling source file '/Source/MQuestScenario.cpp')
  
E:\2ITSOURCE2026\CSCommon\Source\MQuestScenario.cpp(329,10): warning C4996: 'stricmp': The POSIX name for this item is deprecated. Instead, use the ISO C and C++ conformant name: _stricmp. See online help for details.
  (compiling source file '/Source/MQuestScenario.cpp')
  
E:\2ITSOURCE2026\CSCommon\Source\MQuestScenario.cpp(331,10): warning C4996: 'stricmp': The POSIX name for this item is deprecated. Instead, use the ISO C and C++ conformant name: _stricmp. See online help for details.
  (compiling source file '/Source/MQuestScenario.cpp')
  
E:\2ITSOURCE2026\CSCommon\Source\MQuestScenario.cpp(333,10): warning C4996: 'stricmp': The POSIX name for this item is deprecated. Instead, use the ISO C and C++ conformant name: _stricmp. See online help for details.
  (compiling source file '/Source/MQuestScenario.cpp')
  
E:\2ITSOURCE2026\CSCommon\Source\MQuestScenario.cpp(336,13): warning C4996: 'stricmp': The POSIX name for this item is deprecated. Instead, use the ISO C and C++ conformant name: _stricmp. See online help for details.
  (compiling source file '/Source/MQuestScenario.cpp')
  
E:\2ITSOURCE2026\CSCommon\Source\MQuestScenario.cpp(340,13): warning C4996: 'stricmp': The POSIX name for this item is deprecated. Instead, use the ISO C and C++ conformant name: _stricmp. See online help for details.
  (compiling source file '/Source/MQuestScenario.cpp')
  
E:\2ITSOURCE2026\CSCommon\Source\MQuestScenario.cpp(344,13): warning C4996: 'stricmp': The POSIX name for this item is deprecated. Instead, use the ISO C and C++ conformant name: _stricmp. See online help for details.
  (compiling source file '/Source/MQuestScenario.cpp')
  
E:\2ITSOURCE2026\CSCommon\Source\MQuestScenario.cpp(348,13): warning C4996: 'stricmp': The POSIX name for this item is deprecated. Instead, use the ISO C and C++ conformant name: _stricmp. See online help for details.
  (compiling source file '/Source/MQuestScenario.cpp')
  
E:\2ITSOURCE2026\CSCommon\Source\MQuestScenario.cpp(352,13): warning C4996: 'stricmp': The POSIX name for this item is deprecated. Instead, use the ISO C and C++ conformant name: _stricmp. See online help for details.
  (compiling source file '/Source/MQuestScenario.cpp')
  
E:\2ITSOURCE2026\CSCommon\Source\MQuestScenario.cpp(357,13): warning C4996: 'stricmp': The POSIX name for this item is deprecated. Instead, use the ISO C and C++ conformant name: _stricmp. See online help for details.
  (compiling source file '/Source/MQuestScenario.cpp')
  
E:\2ITSOURCE2026\CSCommon\Source\MQuestScenario.cpp(362,13): warning C4996: 'stricmp': The POSIX name for this item is deprecated. Instead, use the ISO C and C++ conformant name: _stricmp. See online help for details.
  (compiling source file '/Source/MQuestScenario.cpp')
  
E:\2ITSOURCE2026\CSCommon\Source\MQuestScenario.cpp(378,8): warning C4996: 'stricmp': The POSIX name for this item is deprecated. Instead, use the ISO C and C++ conformant name: _stricmp. See online help for details.
  (compiling source file '/Source/MQuestScenario.cpp')
  
E:\2ITSOURCE2026\CSCommon\Source\MQuestScenario.cpp(382,13): warning C4996: 'stricmp': The POSIX name for this item is deprecated. Instead, use the ISO C and C++ conformant name: _stricmp. See online help for details.
  (compiling source file '/Source/MQuestScenario.cpp')
  
E:\2ITSOURCE2026\CSCommon\Source\MQuestScenario.cpp(386,13): warning C4996: 'stricmp': The POSIX name for this item is deprecated. Instead, use the ISO C and C++ conformant name: _stricmp. See online help for details.
  (compiling source file '/Source/MQuestScenario.cpp')
  
E:\2ITSOURCE2026\CSCommon\Source\MQuestScenario.cpp(443,13): warning C4996: 'strtok': This function or variable may be unsafe. Consider using strtok_s instead. To disable deprecation, use _CRT_SECURE_NO_WARNINGS. See online help for details.
  (compiling source file '/Source/MQuestScenario.cpp')
  
E:\2ITSOURCE2026\CSCommon\Source\MQuestScenario.cpp(447,8): warning C4996: 'strtok': This function or variable may be unsafe. Consider using strtok_s instead. To disable deprecation, use _CRT_SECURE_NO_WARNINGS. See online help for details.
  (compiling source file '/Source/MQuestScenario.cpp')
  
E:\2ITSOURCE2026\CSCommon\Source\MQuestScenario.cpp(476,13): warning C4996: 'strtok': This function or variable may be unsafe. Consider using strtok_s instead. To disable deprecation, use _CRT_SECURE_NO_WARNINGS. See online help for details.
  (compiling source file '/Source/MQuestScenario.cpp')
  
E:\2ITSOURCE2026\CSCommon\Source\MQuestScenario.cpp(480,8): warning C4996: 'strtok': This function or variable may be unsafe. Consider using strtok_s instead. To disable deprecation, use _CRT_SECURE_NO_WARNINGS. See online help for details.
  (compiling source file '/Source/MQuestScenario.cpp')
  
E:\2ITSOURCE2026\CSCommon\Source\MQuestScenario.cpp(500,8): warning C4996: 'stricmp': The POSIX name for this item is deprecated. Instead, use the ISO C and C++ conformant name: _stricmp. See online help for details.
  (compiling source file '/Source/MQuestScenario.cpp')
  
E:\2ITSOURCE2026\CSCommon\Source\MQuestScenario.cpp(504,13): warning C4996: 'stricmp': The POSIX name for this item is deprecated. Instead, use the ISO C and C++ conformant name: _stricmp. See online help for details.
  (compiling source file '/Source/MQuestScenario.cpp')
  
E:\2ITSOURCE2026\CSCommon\Source\MQuestScenario.cpp(508,13): warning C4996: 'stricmp': The POSIX name for this item is deprecated. Instead, use the ISO C and C++ conformant name: _stricmp. See online help for details.
  (compiling source file '/Source/MQuestScenario.cpp')
  
E:\2ITSOURCE2026\CSCommon\Source\MQuestScenario.cpp(512,13): warning C4996: 'stricmp': The POSIX name for this item is deprecated. Instead, use the ISO C and C++ conformant name: _stricmp. See online help for details.
  (compiling source file '/Source/MQuestScenario.cpp')
  
E:\2ITSOURCE2026\CSCommon\Source\MQuestScenario.cpp(527,8): warning C4996: 'stricmp': The POSIX name for this item is deprecated. Instead, use the ISO C and C++ conformant name: _stricmp. See online help for details.
  (compiling source file '/Source/MQuestScenario.cpp')
  
E:\2ITSOURCE2026\CSCommon\Source\MQuestScenario.cpp(539,10): warning C4996: 'stricmp': The POSIX name for this item is deprecated. Instead, use the ISO C and C++ conformant name: _stricmp. See online help for details.
  (compiling source file '/Source/MQuestScenario.cpp')
  
E:\2ITSOURCE2026\CSCommon\Source\MQuestScenario.cpp(543,15): warning C4996: 'stricmp': The POSIX name for this item is deprecated. Instead, use the ISO C and C++ conformant name: _stricmp. See online help for details.
  (compiling source file '/Source/MQuestScenario.cpp')
  
E:\2ITSOURCE2026\CSCommon\Source\MQuestScenario.cpp(565,8): warning C4996: 'stricmp': The POSIX name for this item is deprecated. Instead, use the ISO C and C++ conformant name: _stricmp. See online help for details.
  (compiling source file '/Source/MQuestScenario.cpp')
  
E:\2ITSOURCE2026\CSCommon\Source\MQuestScenario.cpp(583,8): warning C4996: 'stricmp': The POSIX name for this item is deprecated. Instead, use the ISO C and C++ conformant name: _stricmp. See online help for details.
  (compiling source file '/Source/MQuestScenario.cpp')
  
E:\2ITSOURCE2026\CSCommon\Source\MQuestScenario.cpp(587,13): warning C4996: 'stricmp': The POSIX name for this item is deprecated. Instead, use the ISO C and C++ conformant name: _stricmp. See online help for details.
  (compiling source file '/Source/MQuestScenario.cpp')
  
E:\2ITSOURCE2026\CSCommon\Source\MQuestScenario.cpp(591,13): warning C4996: 'stricmp': The POSIX name for this item is deprecated. Instead, use the ISO C and C++ conformant name: _stricmp. See online help for details.
  (compiling source file '/Source/MQuestScenario.cpp')
  
E:\2ITSOURCE2026\CSCommon\Source\MQuestScenario.cpp(608,8): warning C4996: 'stricmp': The POSIX name for this item is deprecated. Instead, use the ISO C and C++ conformant name: _stricmp. See online help for details.
  (compiling source file '/Source/MQuestScenario.cpp')
  
E:\2ITSOURCE2026\CSCommon\Source\MQuestScenario.cpp(612,13): warning C4996: 'stricmp': The POSIX name for this item is deprecated. Instead, use the ISO C and C++ conformant name: _stricmp. See online help for details.
  (compiling source file '/Source/MQuestScenario.cpp')
  
E:\2ITSOURCE2026\CSCommon\Source\MQuestScenario.cpp(616,13): warning C4996: 'stricmp': The POSIX name for this item is deprecated. Instead, use the ISO C and C++ conformant name: _stricmp. See online help for details.
  (compiling source file '/Source/MQuestScenario.cpp')
  
E:\2ITSOURCE2026\CSCommon\Source\MQuestScenario.cpp(630,13): warning C4996: 'stricmp': The POSIX name for this item is deprecated. Instead, use the ISO C and C++ conformant name: _stricmp. See online help for details.
  (compiling source file '/Source/MQuestScenario.cpp')
  
E:\2ITSOURCE2026\CSCommon\Source\MQuestScenario.cpp(632,9): warning C4996: 'stricmp': The POSIX name for this item is deprecated. Instead, use the ISO C and C++ conformant name: _stricmp. See online help for details.
  (compiling source file '/Source/MQuestScenario.cpp')
  
E:\2ITSOURCE2026\CSCommon\Source\MQuestScenario.cpp(653,8): warning C4996: 'stricmp': The POSIX name for this item is deprecated. Instead, use the ISO C and C++ conformant name: _stricmp. See online help for details.
  (compiling source file '/Source/MQuestScenario.cpp')
  
E:\2ITSOURCE2026\CSCommon\Source\MQuestScenario.cpp(657,13): warning C4996: 'stricmp': The POSIX name for this item is deprecated. Instead, use the ISO C and C++ conformant name: _stricmp. See online help for details.
  (compiling source file '/Source/MQuestScenario.cpp')
  
E:\2ITSOURCE2026\CSCommon\Source\MQuestScenario.cpp(661,13): warning C4996: 'stricmp': The POSIX name for this item is deprecated. Instead, use the ISO C and C++ conformant name: _stricmp. See online help for details.
  (compiling source file '/Source/MQuestScenario.cpp')
  
E:\2ITSOURCE2026\CSCommon\Source\MQuestScenario.cpp(665,13): warning C4996: 'stricmp': The POSIX name for this item is deprecated. Instead, use the ISO C and C++ conformant name: _stricmp. See online help for details.
  (compiling source file '/Source/MQuestScenario.cpp')
  
E:\2ITSOURCE2026\CSCommon\Source\MQuestScenario.cpp(669,13): warning C4996: 'stricmp': The POSIX name for this item is deprecated. Instead, use the ISO C and C++ conformant name: _stricmp. See online help for details.
  (compiling source file '/Source/MQuestScenario.cpp')
  
E:\2ITSOURCE2026\CSCommon\Source\MQuestScenario.cpp(717,8): warning C4996: 'stricmp': The POSIX name for this item is deprecated. Instead, use the ISO C and C++ conformant name: _stricmp. See online help for details.
  (compiling source file '/Source/MQuestScenario.cpp')
  
E:\2ITSOURCE2026\CSCommon\Source\MQuestScenario.cpp(721,13): warning C4996: 'stricmp': The POSIX name for this item is deprecated. Instead, use the ISO C and C++ conformant name: _stricmp. See online help for details.
  (compiling source file '/Source/MQuestScenario.cpp')
  
E:\2ITSOURCE2026\CSCommon\Source\MQuestScenario.cpp(786,8): warning C4996: 'stricmp': The POSIX name for this item is deprecated. Instead, use the ISO C and C++ conformant name: _stricmp. See online help for details.
  (compiling source file '/Source/MQuestScenario.cpp')
  
E:\2ITSOURCE2026\CSCommon\Source\MQuestScenario.cpp(789,13): warning C4996: 'stricmp': The POSIX name for this item is deprecated. Instead, use the ISO C and C++ conformant name: _stricmp. See online help for details.
  (compiling source file '/Source/MQuestScenario.cpp')
  
  MSurvivalMap.cpp
E:\2ITSOURCE2026\CSCommon\Source\MSurvivalMap.cpp(39,2): warning C4996: 'strncpy': This function or variable may be unsafe. Consider using strncpy_s instead. To disable deprecation, use _CRT_SECURE_NO_WARNINGS. See online help for details.
  (compiling source file '/Source/MSurvivalMap.cpp')
  
  MBaseGameType.cpp
E:\2ITSOURCE2026\CSCommon\Source\MBaseGameType.cpp(76,2): warning C4996: 'strcpy': This function or variable may be unsafe. Consider using strcpy_s instead. To disable deprecation, use _CRT_SECURE_NO_WARNINGS. See online help for details.
  (compiling source file '/Source/MBaseGameType.cpp')
  
  MMatchGameType.cpp
  MMatchRule.cpp
E:\2ITSOURCE2026\CSCommon\Source\MMatchRule.cpp(135,3): warning C4996: 'sprintf': This function or variable may be unsafe. Consider using sprintf_s instead. To disable deprecation, use _CRT_SECURE_NO_WARNINGS. See online help for details.
  (compiling source file '/Source/MMatchRule.cpp')
  
E:\2ITSOURCE2026\CSCommon\Source\MMatchRule.cpp(144,3): warning C4996: 'sprintf': This function or variable may be unsafe. Consider using sprintf_s instead. To disable deprecation, use _CRT_SECURE_NO_WARNINGS. See online help for details.
  (compiling source file '/Source/MMatchRule.cpp')
  
E:\2ITSOURCE2026\CSCommon\Source\MMatchRule.cpp(153,3): warning C4996: 'sprintf': This function or variable may be unsafe. Consider using sprintf_s instead. To disable deprecation, use _CRT_SECURE_NO_WARNINGS. See online help for details.
  (compiling source file '/Source/MMatchRule.cpp')
  
  MMatchRuleAssassinate.cpp
  MMatchRuleBerserker.cpp
  Generating Code...
  Compiling...
  MMatchRuleDeathMatch.cpp
E:\2ITSOURCE2026\CSCommon\Source\MMatchRuleDeathMatch.cpp(1760,22): warning C4018: '<': signed/unsigned mismatch
  (compiling source file '/Source/MMatchRuleDeathMatch.cpp')
  
E:\2ITSOURCE2026\CSCommon\Source\MMatchRuleDeathMatch.cpp(1769,22): warning C4018: '<': signed/unsigned mismatch
  (compiling source file '/Source/MMatchRuleDeathMatch.cpp')
  
E:\2ITSOURCE2026\CSCommon\Source\MMatchRuleDeathMatch.cpp(1771,23): warning C4018: '<': signed/unsigned mismatch
  (compiling source file '/Source/MMatchRuleDeathMatch.cpp')
  
E:\2ITSOURCE2026\CSCommon\Source\MMatchRuleDeathMatch.cpp(1780,25): warning C4018: '<': signed/unsigned mismatch
  (compiling source file '/Source/MMatchRuleDeathMatch.cpp')
  
  MMatchRuleDuel.cpp
E:\2ITSOURCE2026\CSCommon\Include\MMatchRuleDuel.h(37,1): warning C4067: unexpected tokens following preprocessor directive - expected a newline
  (compiling source file '/Source/MMatchRuleDuel.cpp')
  
E:\2ITSOURCE2026\CSCommon\Source\MMatchRuleDuel.cpp(71,1): warning C4067: unexpected tokens following preprocessor directive - expected a newline
  (compiling source file '/Source/MMatchRuleDuel.cpp')
  
E:\2ITSOURCE2026\CSCommon\Source\MMatchRuleDuel.cpp(235,1): warning C4067: unexpected tokens following preprocessor directive - expected a newline
  (compiling source file '/Source/MMatchRuleDuel.cpp')
  
E:\2ITSOURCE2026\CSCommon\Source\MMatchRuleDuel.cpp(246,1): warning C4067: unexpected tokens following preprocessor directive - expected a newline
  (compiling source file '/Source/MMatchRuleDuel.cpp')
  
E:\2ITSOURCE2026\CSCommon\Source\MMatchRuleDuel.cpp(283,1): warning C4067: unexpected tokens following preprocessor directive - expected a newline
  (compiling source file '/Source/MMatchRuleDuel.cpp')
  
  MMatchRuleGladiator.cpp
  MMatchRuleTraining.cpp
  MMatchRuleBaseQuest.cpp
  MMatchRuleQuest.cpp
E:\2ITSOURCE2026\CSCommon\Include\MAsyncDBJob.h(253,3): warning C4996: 'strcpy': This function or variable may be unsafe. Consider using strcpy_s instead. To disable deprecation, use _CRT_SECURE_NO_WARNINGS. See online help for details.
  (compiling source file '/Source/MMatchRuleQuest.cpp')
  
E:\2ITSOURCE2026\CSCommon\Include\MAsyncDBJob.h(292,3): warning C4996: 'strcpy': This function or variable may be unsafe. Consider using strcpy_s instead. To disable deprecation, use _CRT_SECURE_NO_WARNINGS. See online help for details.
  (compiling source file '/Source/MMatchRuleQuest.cpp')
  
E:\2ITSOURCE2026\CSCommon\Source\MMatchRuleQuest.cpp(1669,21): warning C4244: 'initializing': conversion from 'double' to 'float', possible loss of data
  (compiling source file '/Source/MMatchRuleQuest.cpp')
  
E:\2ITSOURCE2026\CSCommon\Source\MMatchRuleQuest.cpp(1670,21): warning C4244: 'initializing': conversion from 'double' to 'float', possible loss of data
  (compiling source file '/Source/MMatchRuleQuest.cpp')
  
E:\2ITSOURCE2026\CSCommon\Source\MMatchRuleQuest.cpp(1672,103): warning C4244: '=': conversion from 'float' to 'WORD', possible loss of data
  (compiling source file '/Source/MMatchRuleQuest.cpp')
  
E:\2ITSOURCE2026\CSCommon\Source\MMatchRuleQuest.cpp(1673,103): warning C4244: '=': conversion from 'float' to 'WORD', possible loss of data
  (compiling source file '/Source/MMatchRuleQuest.cpp')
  
E:\2ITSOURCE2026\CSCommon\Source\MMatchRuleQuest.cpp(1746,21): warning C4244: 'initializing': conversion from 'double' to 'float', possible loss of data
  (compiling source file '/Source/MMatchRuleQuest.cpp')
  
E:\2ITSOURCE2026\CSCommon\Source\MMatchRuleQuest.cpp(1747,21): warning C4244: 'initializing': conversion from 'double' to 'float', possible loss of data
  (compiling source file '/Source/MMatchRuleQuest.cpp')
  
E:\2ITSOURCE2026\CSCommon\Source\MMatchRuleQuest.cpp(1749,103): warning C4244: '=': conversion from 'float' to 'WORD', possible loss of data
  (compiling source file '/Source/MMatchRuleQuest.cpp')
  
E:\2ITSOURCE2026\CSCommon\Source\MMatchRuleQuest.cpp(1750,103): warning C4244: '=': conversion from 'float' to 'WORD', possible loss of data
  (compiling source file '/Source/MMatchRuleQuest.cpp')
  
E:\2ITSOURCE2026\CSCommon\Source\MMatchRuleQuest.cpp(1857,9): warning C4996: 'stricmp': The POSIX name for this item is deprecated. Instead, use the ISO C and C++ conformant name: _stricmp. See online help for details.
  (compiling source file '/Source/MMatchRuleQuest.cpp')
  
E:\2ITSOURCE2026\CSCommon\Source\MMatchRuleQuest.cpp(1859,14): warning C4996: 'stricmp': The POSIX name for this item is deprecated. Instead, use the ISO C and C++ conformant name: _stricmp. See online help for details.
  (compiling source file '/Source/MMatchRuleQuest.cpp')
  
E:\2ITSOURCE2026\CSCommon\Source\MMatchRuleQuest.cpp(1861,14): warning C4996: 'stricmp': The POSIX name for this item is deprecated. Instead, use the ISO C and C++ conformant name: _stricmp. See online help for details.
  (compiling source file '/Source/MMatchRuleQuest.cpp')
  
  MMatchRuleSurvival.cpp
E:\2ITSOURCE2026\CSCommon\Include\MAsyncDBJob.h(253,3): warning C4996: 'strcpy': This function or variable may be unsafe. Consider using strcpy_s instead. To disable deprecation, use _CRT_SECURE_NO_WARNINGS. See online help for details.
  (compiling source file '/Source/MMatchRuleSurvival.cpp')
  
E:\2ITSOURCE2026\CSCommon\Include\MAsyncDBJob.h(292,3): warning C4996: 'strcpy': This function or variable may be unsafe. Consider using strcpy_s instead. To disable deprecation, use _CRT_SECURE_NO_WARNINGS. See online help for details.
  (compiling source file '/Source/MMatchRuleSurvival.cpp')
  
E:\2ITSOURCE2026\CSCommon\Source\MMatchRuleSurvival.cpp(1791,4): warning C4996: 'strcpy': This function or variable may be unsafe. Consider using strcpy_s instead. To disable deprecation, use _CRT_SECURE_NO_WARNINGS. See online help for details.
  (compiling source file '/Source/MMatchRuleSurvival.cpp')
  
E:\2ITSOURCE2026\CSCommon\Source\MMatchRuleSurvival.cpp(1795,4): warning C4996: 'strcpy': This function or variable may be unsafe. Consider using strcpy_s instead. To disable deprecation, use _CRT_SECURE_NO_WARNINGS. See online help for details.
  (compiling source file '/Source/MMatchRuleSurvival.cpp')
  
E:\2ITSOURCE2026\CSCommon\Source\MMatchRuleSurvival.cpp(1879,9): warning C4996: 'stricmp': The POSIX name for this item is deprecated. Instead, use the ISO C and C++ conformant name: _stricmp. See online help for details.
  (compiling source file '/Source/MMatchRuleSurvival.cpp')
  
E:\2ITSOURCE2026\CSCommon\Source\MMatchRuleSurvival.cpp(1881,14): warning C4996: 'stricmp': The POSIX name for this item is deprecated. Instead, use the ISO C and C++ conformant name: _stricmp. See online help for details.
  (compiling source file '/Source/MMatchRuleSurvival.cpp')
  
E:\2ITSOURCE2026\CSCommon\Source\MMatchRuleSurvival.cpp(1883,14): warning C4996: 'stricmp': The POSIX name for this item is deprecated. Instead, use the ISO C and C++ conformant name: _stricmp. See online help for details.
  (compiling source file '/Source/MMatchRuleSurvival.cpp')
  
  MMatchDuelTournamentMgr.cpp
  MDuelTournamentMatchMaker.cpp
  MDuelTournamentTicketPicker.cpp
  MDuelTournamentTimeChecker.cpp
  MMatchRuleDuelTournament.cpp
E:\2ITSOURCE2026\CSCommon\Include\MMatchRuleDuelTournament.h(221,4): warning C4996: 'vsprintf': This function or variable may be unsafe. Consider using vsprintf_s instead. To disable deprecation, use _CRT_SECURE_NO_WARNINGS. See online help for details.
  (compiling source file '/Source/MMatchRuleDuelTournament.cpp')
  
E:\2ITSOURCE2026\CSCommon\Source\MMatchRuleDuelTournament.cpp(47,3): warning C4996: 'strcpy': This function or variable may be unsafe. Consider using strcpy_s instead. To disable deprecation, use _CRT_SECURE_NO_WARNINGS. See online help for details.
  (compiling source file '/Source/MMatchRuleDuelTournament.cpp')
  
  MDuelTournamentFormula.cpp
  MAgentObject.cpp
  MMatchAntiHack.cpp
E:\2ITSOURCE2026\CSCommon\Source\MMatchAntiHack.cpp(10,13): warning C4996: 'fopen': This function or variable may be unsafe. Consider using fopen_s instead. To disable deprecation, use _CRT_SECURE_NO_WARNINGS. See online help for details.
  (compiling source file '/Source/MMatchAntiHack.cpp')
  
E:\2ITSOURCE2026\CSCommon\Source\MMatchAntiHack.cpp(18,3): warning C4996: 'sscanf': This function or variable may be unsafe. Consider using sscanf_s instead. To disable deprecation, use _CRT_SECURE_NO_WARNINGS. See online help for details.
  (compiling source file '/Source/MMatchAntiHack.cpp')
  
  MMatchHShield.cpp
  MMatchObjCache.cpp
  MMatchObject.cpp
E:\2ITSOURCE2026\CSCommon\Include\MAsyncDBJob.h(253,3): warning C4996: 'strcpy': This function or variable may be unsafe. Consider using strcpy_s instead. To disable deprecation, use _CRT_SECURE_NO_WARNINGS. See online help for details.
  (compiling source file '/Source/MMatchObject.cpp')
  
E:\2ITSOURCE2026\CSCommon\Include\MAsyncDBJob.h(292,3): warning C4996: 'strcpy': This function or variable may be unsafe. Consider using strcpy_s instead. To disable deprecation, use _CRT_SECURE_NO_WARNINGS. See online help for details.
  (compiling source file '/Source/MMatchObject.cpp')
  
E:\2ITSOURCE2026\CSCommon\Source\MMatchObject.cpp(129,1): warning C4067: unexpected tokens following preprocessor directive - expected a newline
  (compiling source file '/Source/MMatchObject.cpp')
  
E:\2ITSOURCE2026\CSCommon\Source\MMatchObject.cpp(448,1): warning C4067: unexpected tokens following preprocessor directive - expected a newline
  (compiling source file '/Source/MMatchObject.cpp')
  
E:\2ITSOURCE2026\CSCommon\Source\MMatchObject.cpp(739,31): warning C4018: '>': signed/unsigned mismatch
  (compiling source file '/Source/MMatchObject.cpp')
  
E:\2ITSOURCE2026\CSCommon\Source\MMatchObject.cpp(950,1): warning C4067: unexpected tokens following preprocessor directive - expected a newline
  (compiling source file '/Source/MMatchObject.cpp')
  
  MMatchObjectCharBuffInfo.cpp
  MMatchObjectCommandHistory.cpp
  Generating Code...
  Compiling...
  MMatchItem.cpp
E:\2ITSOURCE2026\CSCommon\Source\MMatchItem.cpp(574,8): warning C4996: 'stricmp': The POSIX name for this item is deprecated. Instead, use the ISO C and C++ conformant name: _stricmp. See online help for details.
  (compiling source file '/Source/MMatchItem.cpp')
  
E:\2ITSOURCE2026\CSCommon\Source\MMatchItem.cpp(702,8): warning C4996: 'stricmp': The POSIX name for this item is deprecated. Instead, use the ISO C and C++ conformant name: _stricmp. See online help for details.
  (compiling source file '/Source/MMatchItem.cpp')
  
E:\2ITSOURCE2026\CSCommon\Source\MMatchItem.cpp(862,1): warning C4067: unexpected tokens following preprocessor directive - expected a newline
  (compiling source file '/Source/MMatchItem.cpp')
  
E:\2ITSOURCE2026\CSCommon\Source\MMatchItem.cpp(758,8): warning C4996: 'stricmp': The POSIX name for this item is deprecated. Instead, use the ISO C and C++ conformant name: _stricmp. See online help for details.
  (compiling source file '/Source/MMatchItem.cpp')
  
E:\2ITSOURCE2026\CSCommon\Source\MMatchItem.cpp(762,13): warning C4996: 'stricmp': The POSIX name for this item is deprecated. Instead, use the ISO C and C++ conformant name: _stricmp. See online help for details.
  (compiling source file '/Source/MMatchItem.cpp')
  
E:\2ITSOURCE2026\CSCommon\Source\MMatchItem.cpp(764,4): warning C4996: 'strcpy': This function or variable may be unsafe. Consider using strcpy_s instead. To disable deprecation, use _CRT_SECURE_NO_WARNINGS. See online help for details.
  (compiling source file '/Source/MMatchItem.cpp')
  
E:\2ITSOURCE2026\CSCommon\Source\MMatchItem.cpp(767,13): warning C4996: 'stricmp': The POSIX name for this item is deprecated. Instead, use the ISO C and C++ conformant name: _stricmp. See online help for details.
  (compiling source file '/Source/MMatchItem.cpp')
  
E:\2ITSOURCE2026\CSCommon\Source\MMatchItem.cpp(769,9): warning C4996: 'stricmp': The POSIX name for this item is deprecated. Instead, use the ISO C and C++ conformant name: _stricmp. See online help for details.
  (compiling source file '/Source/MMatchItem.cpp')
  
E:\2ITSOURCE2026\CSCommon\Source\MMatchItem.cpp(770,14): warning C4996: 'stricmp': The POSIX name for this item is deprecated. Instead, use the ISO C and C++ conformant name: _stricmp. See online help for details.
  (compiling source file '/Source/MMatchItem.cpp')
  
E:\2ITSOURCE2026\CSCommon\Source\MMatchItem.cpp(771,14): warning C4996: 'stricmp': The POSIX name for this item is deprecated. Instead, use the ISO C and C++ conformant name: _stricmp. See online help for details.
  (compiling source file '/Source/MMatchItem.cpp')
  
E:\2ITSOURCE2026\CSCommon\Source\MMatchItem.cpp(772,14): warning C4996: 'stricmp': The POSIX name for this item is deprecated. Instead, use the ISO C and C++ conformant name: _stricmp. See online help for details.
  (compiling source file '/Source/MMatchItem.cpp')
  
E:\2ITSOURCE2026\CSCommon\Source\MMatchItem.cpp(773,14): warning C4996: 'stricmp': The POSIX name for this item is deprecated. Instead, use the ISO C and C++ conformant name: _stricmp. See online help for details.
  (compiling source file '/Source/MMatchItem.cpp')
  
E:\2ITSOURCE2026\CSCommon\Source\MMatchItem.cpp(774,14): warning C4996: 'stricmp': The POSIX name for this item is deprecated. Instead, use the ISO C and C++ conformant name: _stricmp. See online help for details.
  (compiling source file '/Source/MMatchItem.cpp')
  
E:\2ITSOURCE2026\CSCommon\Source\MMatchItem.cpp(775,14): warning C4996: 'stricmp': The POSIX name for this item is deprecated. Instead, use the ISO C and C++ conformant name: _stricmp. See online help for details.
  (compiling source file '/Source/MMatchItem.cpp')
  
E:\2ITSOURCE2026\CSCommon\Source\MMatchItem.cpp(776,14): warning C4996: 'stricmp': The POSIX name for this item is deprecated. Instead, use the ISO C and C++ conformant name: _stricmp. See online help for details.
  (compiling source file '/Source/MMatchItem.cpp')
  
E:\2ITSOURCE2026\CSCommon\Source\MMatchItem.cpp(781,13): warning C4996: 'stricmp': The POSIX name for this item is deprecated. Instead, use the ISO C and C++ conformant name: _stricmp. See online help for details.
  (compiling source file '/Source/MMatchItem.cpp')
  
E:\2ITSOURCE2026\CSCommon\Source\MMatchItem.cpp(783,9): warning C4996: 'stricmp': The POSIX name for this item is deprecated. Instead, use the ISO C and C++ conformant name: _stricmp. See online help for details.
  (compiling source file '/Source/MMatchItem.cpp')
  
E:\2ITSOURCE2026\CSCommon\Source\MMatchItem.cpp(784,14): warning C4996: 'stricmp': The POSIX name for this item is deprecated. Instead, use the ISO C and C++ conformant name: _stricmp. See online help for details.
  (compiling source file '/Source/MMatchItem.cpp')
  
E:\2ITSOURCE2026\CSCommon\Source\MMatchItem.cpp(785,14): warning C4996: 'stricmp': The POSIX name for this item is deprecated. Instead, use the ISO C and C++ conformant name: _stricmp. See online help for details.
  (compiling source file '/Source/MMatchItem.cpp')
  
E:\2ITSOURCE2026\CSCommon\Source\MMatchItem.cpp(789,13): warning C4996: 'stricmp': The POSIX name for this item is deprecated. Instead, use the ISO C and C++ conformant name: _stricmp. See online help for details.
  (compiling source file '/Source/MMatchItem.cpp')
  
E:\2ITSOURCE2026\CSCommon\Source\MMatchItem.cpp(794,13): warning C4996: 'stricmp': The POSIX name for this item is deprecated. Instead, use the ISO C and C++ conformant name: _stricmp. See online help for details.
  (compiling source file '/Source/MMatchItem.cpp')
  
E:\2ITSOURCE2026\CSCommon\Source\MMatchItem.cpp(797,9): warning C4996: 'stricmp': The POSIX name for this item is deprecated. Instead, use the ISO C and C++ conformant name: _stricmp. See online help for details.
  (compiling source file '/Source/MMatchItem.cpp')
  
E:\2ITSOURCE2026\CSCommon\Source\MMatchItem.cpp(798,14): warning C4996: 'stricmp': The POSIX name for this item is deprecated. Instead, use the ISO C and C++ conformant name: _stricmp. See online help for details.
  (compiling source file '/Source/MMatchItem.cpp')
  
E:\2ITSOURCE2026\CSCommon\Source\MMatchItem.cpp(799,14): warning C4996: 'stricmp': The POSIX name for this item is deprecated. Instead, use the ISO C and C++ conformant name: _stricmp. See online help for details.
  (compiling source file '/Source/MMatchItem.cpp')
  
E:\2ITSOURCE2026\CSCommon\Source\MMatchItem.cpp(800,14): warning C4996: 'stricmp': The POSIX name for this item is deprecated. Instead, use the ISO C and C++ conformant name: _stricmp. See online help for details.
  (compiling source file '/Source/MMatchItem.cpp')
  
E:\2ITSOURCE2026\CSCommon\Source\MMatchItem.cpp(801,14): warning C4996: 'stricmp': The POSIX name for this item is deprecated. Instead, use the ISO C and C++ conformant name: _stricmp. See online help for details.
  (compiling source file '/Source/MMatchItem.cpp')
  
E:\2ITSOURCE2026\CSCommon\Source\MMatchItem.cpp(802,14): warning C4996: 'stricmp': The POSIX name for this item is deprecated. Instead, use the ISO C and C++ conformant name: _stricmp. See online help for details.
  (compiling source file '/Source/MMatchItem.cpp')
  
E:\2ITSOURCE2026\CSCommon\Source\MMatchItem.cpp(803,14): warning C4996: 'stricmp': The POSIX name for this item is deprecated. Instead, use the ISO C and C++ conformant name: _stricmp. See online help for details.
  (compiling source file '/Source/MMatchItem.cpp')
  
E:\2ITSOURCE2026\CSCommon\Source\MMatchItem.cpp(804,14): warning C4996: 'stricmp': The POSIX name for this item is deprecated. Instead, use the ISO C and C++ conformant name: _stricmp. See online help for details.
  (compiling source file '/Source/MMatchItem.cpp')
  
E:\2ITSOURCE2026\CSCommon\Source\MMatchItem.cpp(805,14): warning C4996: 'stricmp': The POSIX name for this item is deprecated. Instead, use the ISO C and C++ conformant name: _stricmp. See online help for details.
  (compiling source file '/Source/MMatchItem.cpp')
  
E:\2ITSOURCE2026\CSCommon\Source\MMatchItem.cpp(806,14): warning C4996: 'stricmp': The POSIX name for this item is deprecated. Instead, use the ISO C and C++ conformant name: _stricmp. See online help for details.
  (compiling source file '/Source/MMatchItem.cpp')
  
E:\2ITSOURCE2026\CSCommon\Source\MMatchItem.cpp(807,14): warning C4996: 'stricmp': The POSIX name for this item is deprecated. Instead, use the ISO C and C++ conformant name: _stricmp. See online help for details.
  (compiling source file '/Source/MMatchItem.cpp')
  
E:\2ITSOURCE2026\CSCommon\Source\MMatchItem.cpp(808,14): warning C4996: 'stricmp': The POSIX name for this item is deprecated. Instead, use the ISO C and C++ conformant name: _stricmp. See online help for details.
  (compiling source file '/Source/MMatchItem.cpp')
  
E:\2ITSOURCE2026\CSCommon\Source\MMatchItem.cpp(809,14): warning C4996: 'stricmp': The POSIX name for this item is deprecated. Instead, use the ISO C and C++ conformant name: _stricmp. See online help for details.
  (compiling source file '/Source/MMatchItem.cpp')
  
E:\2ITSOURCE2026\CSCommon\Source\MMatchItem.cpp(810,14): warning C4996: 'stricmp': The POSIX name for this item is deprecated. Instead, use the ISO C and C++ conformant name: _stricmp. See online help for details.
  (compiling source file '/Source/MMatchItem.cpp')
  
E:\2ITSOURCE2026\CSCommon\Source\MMatchItem.cpp(813,13): warning C4996: 'stricmp': The POSIX name for this item is deprecated. Instead, use the ISO C and C++ conformant name: _stricmp. See online help for details.
  (compiling source file '/Source/MMatchItem.cpp')
  
E:\2ITSOURCE2026\CSCommon\Source\MMatchItem.cpp(817,14): warning C4996: 'stricmp': The POSIX name for this item is deprecated. Instead, use the ISO C and C++ conformant name: _stricmp. See online help for details.
  (compiling source file '/Source/MMatchItem.cpp')
  
E:\2ITSOURCE2026\CSCommon\Source\MMatchItem.cpp(818,14): warning C4996: 'stricmp': The POSIX name for this item is deprecated. Instead, use the ISO C and C++ conformant name: _stricmp. See online help for details.
  (compiling source file '/Source/MMatchItem.cpp')
  
E:\2ITSOURCE2026\CSCommon\Source\MMatchItem.cpp(819,14): warning C4996: 'stricmp': The POSIX name for this item is deprecated. Instead, use the ISO C and C++ conformant name: _stricmp. See online help for details.
  (compiling source file '/Source/MMatchItem.cpp')
  
E:\2ITSOURCE2026\CSCommon\Source\MMatchItem.cpp(820,14): warning C4996: 'stricmp': The POSIX name for this item is deprecated. Instead, use the ISO C and C++ conformant name: _stricmp. See online help for details.
  (compiling source file '/Source/MMatchItem.cpp')
  
E:\2ITSOURCE2026\CSCommon\Source\MMatchItem.cpp(821,14): warning C4996: 'stricmp': The POSIX name for this item is deprecated. Instead, use the ISO C and C++ conformant name: _stricmp. See online help for details.
  (compiling source file '/Source/MMatchItem.cpp')
  
E:\2ITSOURCE2026\CSCommon\Source\MMatchItem.cpp(824,14): warning C4996: 'stricmp': The POSIX name for this item is deprecated. Instead, use the ISO C and C++ conformant name: _stricmp. See online help for details.
  (compiling source file '/Source/MMatchItem.cpp')
  
E:\2ITSOURCE2026\CSCommon\Source\MMatchItem.cpp(825,14): warning C4996: 'stricmp': The POSIX name for this item is deprecated. Instead, use the ISO C and C++ conformant name: _stricmp. See online help for details.
  (compiling source file '/Source/MMatchItem.cpp')
  
E:\2ITSOURCE2026\CSCommon\Source\MMatchItem.cpp(826,14): warning C4996: 'stricmp': The POSIX name for this item is deprecated. Instead, use the ISO C and C++ conformant name: _stricmp. See online help for details.
  (compiling source file '/Source/MMatchItem.cpp')
  
E:\2ITSOURCE2026\CSCommon\Source\MMatchItem.cpp(827,14): warning C4996: 'stricmp': The POSIX name for this item is deprecated. Instead, use the ISO C and C++ conformant name: _stricmp. See online help for details.
  (compiling source file '/Source/MMatchItem.cpp')
  
E:\2ITSOURCE2026\CSCommon\Source\MMatchItem.cpp(828,14): warning C4996: 'stricmp': The POSIX name for this item is deprecated. Instead, use the ISO C and C++ conformant name: _stricmp. See online help for details.
  (compiling source file '/Source/MMatchItem.cpp')
  
E:\2ITSOURCE2026\CSCommon\Source\MMatchItem.cpp(829,14): warning C4996: 'stricmp': The POSIX name for this item is deprecated. Instead, use the ISO C and C++ conformant name: _stricmp. See online help for details.
  (compiling source file '/Source/MMatchItem.cpp')
  
E:\2ITSOURCE2026\CSCommon\Source\MMatchItem.cpp(830,14): warning C4996: 'stricmp': The POSIX name for this item is deprecated. Instead, use the ISO C and C++ conformant name: _stricmp. See online help for details.
  (compiling source file '/Source/MMatchItem.cpp')
  
E:\2ITSOURCE2026\CSCommon\Source\MMatchItem.cpp(831,14): warning C4996: 'stricmp': The POSIX name for this item is deprecated. Instead, use the ISO C and C++ conformant name: _stricmp. See online help for details.
  (compiling source file '/Source/MMatchItem.cpp')
  
E:\2ITSOURCE2026\CSCommon\Source\MMatchItem.cpp(832,14): warning C4996: 'stricmp': The POSIX name for this item is deprecated. Instead, use the ISO C and C++ conformant name: _stricmp. See online help for details.
  (compiling source file '/Source/MMatchItem.cpp')
  
E:\2ITSOURCE2026\CSCommon\Source\MMatchItem.cpp(833,14): warning C4996: 'stricmp': The POSIX name for this item is deprecated. Instead, use the ISO C and C++ conformant name: _stricmp. See online help for details.
  (compiling source file '/Source/MMatchItem.cpp')
  
E:\2ITSOURCE2026\CSCommon\Source\MMatchItem.cpp(834,14): warning C4996: 'stricmp': The POSIX name for this item is deprecated. Instead, use the ISO C and C++ conformant name: _stricmp. See online help for details.
  (compiling source file '/Source/MMatchItem.cpp')
  
E:\2ITSOURCE2026\CSCommon\Source\MMatchItem.cpp(835,14): warning C4996: 'stricmp': The POSIX name for this item is deprecated. Instead, use the ISO C and C++ conformant name: _stricmp. See online help for details.
  (compiling source file '/Source/MMatchItem.cpp')
  
E:\2ITSOURCE2026\CSCommon\Source\MMatchItem.cpp(837,14): warning C4996: 'stricmp': The POSIX name for this item is deprecated. Instead, use the ISO C and C++ conformant name: _stricmp. See online help for details.
  (compiling source file '/Source/MMatchItem.cpp')
  
E:\2ITSOURCE2026\CSCommon\Source\MMatchItem.cpp(838,14): warning C4996: 'stricmp': The POSIX name for this item is deprecated. Instead, use the ISO C and C++ conformant name: _stricmp. See online help for details.
  (compiling source file '/Source/MMatchItem.cpp')
  
E:\2ITSOURCE2026\CSCommon\Source\MMatchItem.cpp(839,14): warning C4996: 'stricmp': The POSIX name for this item is deprecated. Instead, use the ISO C and C++ conformant name: _stricmp. See online help for details.
  (compiling source file '/Source/MMatchItem.cpp')
  
E:\2ITSOURCE2026\CSCommon\Source\MMatchItem.cpp(840,14): warning C4996: 'stricmp': The POSIX name for this item is deprecated. Instead, use the ISO C and C++ conformant name: _stricmp. See online help for details.
  (compiling source file '/Source/MMatchItem.cpp')
  
E:\2ITSOURCE2026\CSCommon\Source\MMatchItem.cpp(841,14): warning C4996: 'stricmp': The POSIX name for this item is deprecated. Instead, use the ISO C and C++ conformant name: _stricmp. See online help for details.
  (compiling source file '/Source/MMatchItem.cpp')
  
E:\2ITSOURCE2026\CSCommon\Source\MMatchItem.cpp(842,14): warning C4996: 'stricmp': The POSIX name for this item is deprecated. Instead, use the ISO C and C++ conformant name: _stricmp. See online help for details.
  (compiling source file '/Source/MMatchItem.cpp')
  
E:\2ITSOURCE2026\CSCommon\Source\MMatchItem.cpp(843,14): warning C4996: 'stricmp': The POSIX name for this item is deprecated. Instead, use the ISO C and C++ conformant name: _stricmp. See online help for details.
  (compiling source file '/Source/MMatchItem.cpp')
  
E:\2ITSOURCE2026\CSCommon\Source\MMatchItem.cpp(844,14): warning C4996: 'stricmp': The POSIX name for this item is deprecated. Instead, use the ISO C and C++ conformant name: _stricmp. See online help for details.
  (compiling source file '/Source/MMatchItem.cpp')
  
E:\2ITSOURCE2026\CSCommon\Source\MMatchItem.cpp(847,14): warning C4996: 'stricmp': The POSIX name for this item is deprecated. Instead, use the ISO C and C++ conformant name: _stricmp. See online help for details.
  (compiling source file '/Source/MMatchItem.cpp')
  
E:\2ITSOURCE2026\CSCommon\Source\MMatchItem.cpp(848,14): warning C4996: 'stricmp': The POSIX name for this item is deprecated. Instead, use the ISO C and C++ conformant name: _stricmp. See online help for details.
  (compiling source file '/Source/MMatchItem.cpp')
  
E:\2ITSOURCE2026\CSCommon\Source\MMatchItem.cpp(849,14): warning C4996: 'stricmp': The POSIX name for this item is deprecated. Instead, use the ISO C and C++ conformant name: _stricmp. See online help for details.
  (compiling source file '/Source/MMatchItem.cpp')
  
E:\2ITSOURCE2026\CSCommon\Source\MMatchItem.cpp(850,14): warning C4996: 'stricmp': The POSIX name for this item is deprecated. Instead, use the ISO C and C++ conformant name: _stricmp. See online help for details.
  (compiling source file '/Source/MMatchItem.cpp')
  
E:\2ITSOURCE2026\CSCommon\Source\MMatchItem.cpp(853,14): warning C4996: 'stricmp': The POSIX name for this item is deprecated. Instead, use the ISO C and C++ conformant name: _stricmp. See online help for details.
  (compiling source file '/Source/MMatchItem.cpp')
  
E:\2ITSOURCE2026\CSCommon\Source\MMatchItem.cpp(854,14): warning C4996: 'stricmp': The POSIX name for this item is deprecated. Instead, use the ISO C and C++ conformant name: _stricmp. See online help for details.
  (compiling source file '/Source/MMatchItem.cpp')
  
E:\2ITSOURCE2026\CSCommon\Source\MMatchItem.cpp(855,14): warning C4996: 'stricmp': The POSIX name for this item is deprecated. Instead, use the ISO C and C++ conformant name: _stricmp. See online help for details.
  (compiling source file '/Source/MMatchItem.cpp')
  
E:\2ITSOURCE2026\CSCommon\Source\MMatchItem.cpp(869,13): warning C4996: 'stricmp': The POSIX name for this item is deprecated. Instead, use the ISO C and C++ conformant name: _stricmp. See online help for details.
  (compiling source file '/Source/MMatchItem.cpp')
  
E:\2ITSOURCE2026\CSCommon\Source\MMatchItem.cpp(872,14): warning C4996: 'stricmp': The POSIX name for this item is deprecated. Instead, use the ISO C and C++ conformant name: _stricmp. See online help for details.
  (compiling source file '/Source/MMatchItem.cpp')
  
E:\2ITSOURCE2026\CSCommon\Source\MMatchItem.cpp(873,14): warning C4996: 'stricmp': The POSIX name for this item is deprecated. Instead, use the ISO C and C++ conformant name: _stricmp. See online help for details.
  (compiling source file '/Source/MMatchItem.cpp')
  
E:\2ITSOURCE2026\CSCommon\Source\MMatchItem.cpp(874,14): warning C4996: 'stricmp': The POSIX name for this item is deprecated. Instead, use the ISO C and C++ conformant name: _stricmp. See online help for details.
  (compiling source file '/Source/MMatchItem.cpp')
  
E:\2ITSOURCE2026\CSCommon\Source\MMatchItem.cpp(875,14): warning C4996: 'stricmp': The POSIX name for this item is deprecated. Instead, use the ISO C and C++ conformant name: _stricmp. See online help for details.
  (compiling source file '/Source/MMatchItem.cpp')
  
E:\2ITSOURCE2026\CSCommon\Source\MMatchItem.cpp(879,13): warning C4996: 'stricmp': The POSIX name for this item is deprecated. Instead, use the ISO C and C++ conformant name: _stricmp. See online help for details.
  (compiling source file '/Source/MMatchItem.cpp')
  
E:\2ITSOURCE2026\CSCommon\Source\MMatchItem.cpp(885,13): warning C4996: 'stricmp': The POSIX name for this item is deprecated. Instead, use the ISO C and C++ conformant name: _stricmp. See online help for details.
  (compiling source file '/Source/MMatchItem.cpp')
  
E:\2ITSOURCE2026\CSCommon\Source\MMatchItem.cpp(890,13): warning C4996: 'stricmp': The POSIX name for this item is deprecated. Instead, use the ISO C and C++ conformant name: _stricmp. See online help for details.
  (compiling source file '/Source/MMatchItem.cpp')
  
E:\2ITSOURCE2026\CSCommon\Source\MMatchItem.cpp(895,13): warning C4996: 'stricmp': The POSIX name for this item is deprecated. Instead, use the ISO C and C++ conformant name: _stricmp. See online help for details.
  (compiling source file '/Source/MMatchItem.cpp')
  
E:\2ITSOURCE2026\CSCommon\Source\MMatchItem.cpp(900,13): warning C4996: 'stricmp': The POSIX name for this item is deprecated. Instead, use the ISO C and C++ conformant name: _stricmp. See online help for details.
  (compiling source file '/Source/MMatchItem.cpp')
  
E:\2ITSOURCE2026\CSCommon\Source\MMatchItem.cpp(905,13): warning C4996: 'stricmp': The POSIX name for this item is deprecated. Instead, use the ISO C and C++ conformant name: _stricmp. See online help for details.
  (compiling source file '/Source/MMatchItem.cpp')
  
E:\2ITSOURCE2026\CSCommon\Source\MMatchItem.cpp(908,14): warning C4996: 'stricmp': The POSIX name for this item is deprecated. Instead, use the ISO C and C++ conformant name: _stricmp. See online help for details.
  (compiling source file '/Source/MMatchItem.cpp')
  
E:\2ITSOURCE2026\CSCommon\Source\MMatchItem.cpp(909,14): warning C4996: 'stricmp': The POSIX name for this item is deprecated. Instead, use the ISO C and C++ conformant name: _stricmp. See online help for details.
  (compiling source file '/Source/MMatchItem.cpp')
  
E:\2ITSOURCE2026\CSCommon\Source\MMatchItem.cpp(910,14): warning C4996: 'stricmp': The POSIX name for this item is deprecated. Instead, use the ISO C and C++ conformant name: _stricmp. See online help for details.
  (compiling source file '/Source/MMatchItem.cpp')
  
E:\2ITSOURCE2026\CSCommon\Source\MMatchItem.cpp(911,14): warning C4996: 'stricmp': The POSIX name for this item is deprecated. Instead, use the ISO C and C++ conformant name: _stricmp. See online help for details.
  (compiling source file '/Source/MMatchItem.cpp')
  
E:\2ITSOURCE2026\CSCommon\Source\MMatchItem.cpp(912,14): warning C4996: 'stricmp': The POSIX name for this item is deprecated. Instead, use the ISO C and C++ conformant name: _stricmp. See online help for details.
  (compiling source file '/Source/MMatchItem.cpp')
  
E:\2ITSOURCE2026\CSCommon\Source\MMatchItem.cpp(913,14): warning C4996: 'stricmp': The POSIX name for this item is deprecated. Instead, use the ISO C and C++ conformant name: _stricmp. See online help for details.
  (compiling source file '/Source/MMatchItem.cpp')
  
E:\2ITSOURCE2026\CSCommon\Source\MMatchItem.cpp(914,14): warning C4996: 'stricmp': The POSIX name for this item is deprecated. Instead, use the ISO C and C++ conformant name: _stricmp. See online help for details.
  (compiling source file '/Source/MMatchItem.cpp')
  
E:\2ITSOURCE2026\CSCommon\Source\MMatchItem.cpp(918,13): warning C4996: 'stricmp': The POSIX name for this item is deprecated. Instead, use the ISO C and C++ conformant name: _stricmp. See online help for details.
  (compiling source file '/Source/MMatchItem.cpp')
  
E:\2ITSOURCE2026\CSCommon\Source\MMatchItem.cpp(923,13): warning C4996: 'stricmp': The POSIX name for this item is deprecated. Instead, use the ISO C and C++ conformant name: _stricmp. See online help for details.
  (compiling source file '/Source/MMatchItem.cpp')
  
E:\2ITSOURCE2026\CSCommon\Source\MMatchItem.cpp(939,13): warning C4996: 'stricmp': The POSIX name for this item is deprecated. Instead, use the ISO C and C++ conformant name: _stricmp. See online help for details.
  (compiling source file '/Source/MMatchItem.cpp')
  
E:\2ITSOURCE2026\CSCommon\Source\MMatchItem.cpp(943,13): warning C4996: 'stricmp': The POSIX name for this item is deprecated. Instead, use the ISO C and C++ conformant name: _stricmp. See online help for details.
  (compiling source file '/Source/MMatchItem.cpp')
  
E:\2ITSOURCE2026\CSCommon\Source\MMatchItem.cpp(948,13): warning C4996: 'stricmp': The POSIX name for this item is deprecated. Instead, use the ISO C and C++ conformant name: _stricmp. See online help for details.
  (compiling source file '/Source/MMatchItem.cpp')
  
E:\2ITSOURCE2026\CSCommon\Source\MMatchItem.cpp(953,13): warning C4996: 'stricmp': The POSIX name for this item is deprecated. Instead, use the ISO C and C++ conformant name: _stricmp. See online help for details.
  (compiling source file '/Source/MMatchItem.cpp')
  
E:\2ITSOURCE2026\CSCommon\Source\MMatchItem.cpp(958,13): warning C4996: 'stricmp': The POSIX name for this item is deprecated. Instead, use the ISO C and C++ conformant name: _stricmp. See online help for details.
  (compiling source file '/Source/MMatchItem.cpp')
  
E:\2ITSOURCE2026\CSCommon\Source\MMatchItem.cpp(963,13): warning C4996: 'stricmp': The POSIX name for this item is deprecated. Instead, use the ISO C and C++ conformant name: _stricmp. See online help for details.
  (compiling source file '/Source/MMatchItem.cpp')
  
E:\2ITSOURCE2026\CSCommon\Source\MMatchItem.cpp(968,13): warning C4996: 'stricmp': The POSIX name for this item is deprecated. Instead, use the ISO C and C++ conformant name: _stricmp. See online help for details.
  (compiling source file '/Source/MMatchItem.cpp')
  
E:\2ITSOURCE2026\CSCommon\Source\MMatchItem.cpp(970,9): warning C4996: 'stricmp': The POSIX name for this item is deprecated. Instead, use the ISO C and C++ conformant name: _stricmp. See online help for details.
  (compiling source file '/Source/MMatchItem.cpp')
  
E:\2ITSOURCE2026\CSCommon\Source\MMatchItem.cpp(973,13): warning C4996: 'stricmp': The POSIX name for this item is deprecated. Instead, use the ISO C and C++ conformant name: _stricmp. See online help for details.
  (compiling source file '/Source/MMatchItem.cpp')
  
E:\2ITSOURCE2026\CSCommon\Source\MMatchItem.cpp(979,13): warning C4996: 'stricmp': The POSIX name for this item is deprecated. Instead, use the ISO C and C++ conformant name: _stricmp. See online help for details.
  (compiling source file '/Source/MMatchItem.cpp')
  
E:\2ITSOURCE2026\CSCommon\Source\MMatchItem.cpp(984,13): warning C4996: 'stricmp': The POSIX name for this item is deprecated. Instead, use the ISO C and C++ conformant name: _stricmp. See online help for details.
  (compiling source file '/Source/MMatchItem.cpp')
  
E:\2ITSOURCE2026\CSCommon\Source\MMatchItem.cpp(989,13): warning C4996: 'stricmp': The POSIX name for this item is deprecated. Instead, use the ISO C and C++ conformant name: _stricmp. See online help for details.
  (compiling source file '/Source/MMatchItem.cpp')
  
E:\2ITSOURCE2026\CSCommon\Source\MMatchItem.cpp(994,13): warning C4996: 'stricmp': The POSIX name for this item is deprecated. Instead, use the ISO C and C++ conformant name: _stricmp. See online help for details.
  (compiling source file '/Source/MMatchItem.cpp')
  
E:\2ITSOURCE2026\CSCommon\Source\MMatchItem.cpp(999,13): warning C4996: 'stricmp': The POSIX name for this item is deprecated. Instead, use the ISO C and C++ conformant name: _stricmp. See online help for details.
  (compiling source file '/Source/MMatchItem.cpp')
  
E:\2ITSOURCE2026\CSCommon\Source\MMatchItem.cpp(1004,13): warning C4996: 'stricmp': The POSIX name for this item is deprecated. Instead, use the ISO C and C++ conformant name: _stricmp. See online help for details.
  (compiling source file '/Source/MMatchItem.cpp')
  
E:\2ITSOURCE2026\CSCommon\Source\MMatchItem.cpp(1009,13): warning C4996: 'stricmp': The POSIX name for this item is deprecated. Instead, use the ISO C and C++ conformant name: _stricmp. See online help for details.
  (compiling source file '/Source/MMatchItem.cpp')
  
E:\2ITSOURCE2026\CSCommon\Source\MMatchItem.cpp(1014,13): warning C4996: 'stricmp': The POSIX name for this item is deprecated. Instead, use the ISO C and C++ conformant name: _stricmp. See online help for details.
  (compiling source file '/Source/MMatchItem.cpp')
  
E:\2ITSOURCE2026\CSCommon\Source\MMatchItem.cpp(1019,13): warning C4996: 'stricmp': The POSIX name for this item is deprecated. Instead, use the ISO C and C++ conformant name: _stricmp. See online help for details.
  (compiling source file '/Source/MMatchItem.cpp')
  
E:\2ITSOURCE2026\CSCommon\Source\MMatchItem.cpp(1024,13): warning C4996: 'stricmp': The POSIX name for this item is deprecated. Instead, use the ISO C and C++ conformant name: _stricmp. See online help for details.
  (compiling source file '/Source/MMatchItem.cpp')
  
E:\2ITSOURCE2026\CSCommon\Source\MMatchItem.cpp(1029,13): warning C4996: 'stricmp': The POSIX name for this item is deprecated. Instead, use the ISO C and C++ conformant name: _stricmp. See online help for details.
  (compiling source file '/Source/MMatchItem.cpp')
  
E:\2ITSOURCE2026\CSCommon\Source\MMatchItem.cpp(1034,13): warning C4996: 'stricmp': The POSIX name for this item is deprecated. Instead, use the ISO C and C++ conformant name: _stricmp. See online help for details.
  (compiling source file '/Source/MMatchItem.cpp')
  
E:\2ITSOURCE2026\CSCommon\Source\MMatchItem.cpp(1039,13): warning C4996: 'stricmp': The POSIX name for this item is deprecated. Instead, use the ISO C and C++ conformant name: _stricmp. See online help for details.
  (compiling source file '/Source/MMatchItem.cpp')
  
E:\2ITSOURCE2026\CSCommon\Source\MMatchItem.cpp(1044,13): warning C4996: 'stricmp': The POSIX name for this item is deprecated. Instead, use the ISO C and C++ conformant name: _stricmp. See online help for details.
  (compiling source file '/Source/MMatchItem.cpp')
  
E:\2ITSOURCE2026\CSCommon\Source\MMatchItem.cpp(1048,13): warning C4996: 'stricmp': The POSIX name for this item is deprecated. Instead, use the ISO C and C++ conformant name: _stricmp. See online help for details.
  (compiling source file '/Source/MMatchItem.cpp')
  
E:\2ITSOURCE2026\CSCommon\Source\MMatchItem.cpp(1050,4): warning C4996: 'strcpy': This function or variable may be unsafe. Consider using strcpy_s instead. To disable deprecation, use _CRT_SECURE_NO_WARNINGS. See online help for details.
  (compiling source file '/Source/MMatchItem.cpp')
  
E:\2ITSOURCE2026\CSCommon\Source\MMatchItem.cpp(1052,13): warning C4996: 'stricmp': The POSIX name for this item is deprecated. Instead, use the ISO C and C++ conformant name: _stricmp. See online help for details.
  (compiling source file '/Source/MMatchItem.cpp')
  
E:\2ITSOURCE2026\CSCommon\Source\MMatchItem.cpp(1054,4): warning C4996: 'strcpy': This function or variable may be unsafe. Consider using strcpy_s instead. To disable deprecation, use _CRT_SECURE_NO_WARNINGS. See online help for details.
  (compiling source file '/Source/MMatchItem.cpp')
  
E:\2ITSOURCE2026\CSCommon\Source\MMatchItem.cpp(1057,13): warning C4996: 'stricmp': The POSIX name for this item is deprecated. Instead, use the ISO C and C++ conformant name: _stricmp. See online help for details.
  (compiling source file '/Source/MMatchItem.cpp')
  
E:\2ITSOURCE2026\CSCommon\Source\MMatchItem.cpp(1061,13): warning C4996: 'stricmp': The POSIX name for this item is deprecated. Instead, use the ISO C and C++ conformant name: _stricmp. See online help for details.
  (compiling source file '/Source/MMatchItem.cpp')
  
E:\2ITSOURCE2026\CSCommon\Source\MMatchItem.cpp(1065,13): warning C4996: 'stricmp': The POSIX name for this item is deprecated. Instead, use the ISO C and C++ conformant name: _stricmp. See online help for details.
  (compiling source file '/Source/MMatchItem.cpp')
  
E:\2ITSOURCE2026\CSCommon\Source\MMatchItem.cpp(1069,13): warning C4996: 'stricmp': The POSIX name for this item is deprecated. Instead, use the ISO C and C++ conformant name: _stricmp. See online help for details.
  (compiling source file '/Source/MMatchItem.cpp')
  
E:\2ITSOURCE2026\CSCommon\Source\MMatchItem.cpp(1071,4): warning C4996: 'strcpy': This function or variable may be unsafe. Consider using strcpy_s instead. To disable deprecation, use _CRT_SECURE_NO_WARNINGS. See online help for details.
  (compiling source file '/Source/MMatchItem.cpp')
  
E:\2ITSOURCE2026\CSCommon\Source\MMatchItem.cpp(1073,13): warning C4996: 'stricmp': The POSIX name for this item is deprecated. Instead, use the ISO C and C++ conformant name: _stricmp. See online help for details.
  (compiling source file '/Source/MMatchItem.cpp')
  
E:\2ITSOURCE2026\CSCommon\Source\MMatchItem.cpp(1075,4): warning C4996: 'strcpy': This function or variable may be unsafe. Consider using strcpy_s instead. To disable deprecation, use _CRT_SECURE_NO_WARNINGS. See online help for details.
  (compiling source file '/Source/MMatchItem.cpp')
  
E:\2ITSOURCE2026\CSCommon\Source\MMatchItem.cpp(1077,13): warning C4996: 'stricmp': The POSIX name for this item is deprecated. Instead, use the ISO C and C++ conformant name: _stricmp. See online help for details.
  (compiling source file '/Source/MMatchItem.cpp')
  
E:\2ITSOURCE2026\CSCommon\Source\MMatchItem.cpp(1079,4): warning C4996: 'strcpy': This function or variable may be unsafe. Consider using strcpy_s instead. To disable deprecation, use _CRT_SECURE_NO_WARNINGS. See online help for details.
  (compiling source file '/Source/MMatchItem.cpp')
  
E:\2ITSOURCE2026\CSCommon\Source\MMatchItem.cpp(1081,13): warning C4996: 'stricmp': The POSIX name for this item is deprecated. Instead, use the ISO C and C++ conformant name: _stricmp. See online help for details.
  (compiling source file '/Source/MMatchItem.cpp')
  
E:\2ITSOURCE2026\CSCommon\Source\MMatchItem.cpp(1083,4): warning C4996: 'strcpy': This function or variable may be unsafe. Consider using strcpy_s instead. To disable deprecation, use _CRT_SECURE_NO_WARNINGS. See online help for details.
  (compiling source file '/Source/MMatchItem.cpp')
  
E:\2ITSOURCE2026\CSCommon\Source\MMatchItem.cpp(1085,13): warning C4996: 'stricmp': The POSIX name for this item is deprecated. Instead, use the ISO C and C++ conformant name: _stricmp. See online help for details.
  (compiling source file '/Source/MMatchItem.cpp')
  
E:\2ITSOURCE2026\CSCommon\Source\MMatchItem.cpp(1090,13): warning C4996: 'stricmp': The POSIX name for this item is deprecated. Instead, use the ISO C and C++ conformant name: _stricmp. See online help for details.
  (compiling source file '/Source/MMatchItem.cpp')
  
E:\2ITSOURCE2026\CSCommon\Source\MMatchItem.cpp(1094,13): warning C4996: 'stricmp': The POSIX name for this item is deprecated. Instead, use the ISO C and C++ conformant name: _stricmp. See online help for details.
  (compiling source file '/Source/MMatchItem.cpp')
  
E:\2ITSOURCE2026\CSCommon\Source\MMatchItem.cpp(1098,13): warning C4996: 'stricmp': The POSIX name for this item is deprecated. Instead, use the ISO C and C++ conformant name: _stricmp. See online help for details.
  (compiling source file '/Source/MMatchItem.cpp')
  
E:\2ITSOURCE2026\CSCommon\Source\MMatchItem.cpp(1102,13): warning C4996: 'stricmp': The POSIX name for this item is deprecated. Instead, use the ISO C and C++ conformant name: _stricmp. See online help for details.
  (compiling source file '/Source/MMatchItem.cpp')
  
E:\2ITSOURCE2026\CSCommon\Source\MMatchItem.cpp(1106,13): warning C4996: 'stricmp': The POSIX name for this item is deprecated. Instead, use the ISO C and C++ conformant name: _stricmp. See online help for details.
  (compiling source file '/Source/MMatchItem.cpp')
  
E:\2ITSOURCE2026\CSCommon\Source\MMatchItem.cpp(1110,13): warning C4996: 'stricmp': The POSIX name for this item is deprecated. Instead, use the ISO C and C++ conformant name: _stricmp. See online help for details.
  (compiling source file '/Source/MMatchItem.cpp')
  
E:\2ITSOURCE2026\CSCommon\Source\MMatchItem.cpp(1114,13): warning C4996: 'stricmp': The POSIX name for this item is deprecated. Instead, use the ISO C and C++ conformant name: _stricmp. See online help for details.
  (compiling source file '/Source/MMatchItem.cpp')
  
E:\2ITSOURCE2026\CSCommon\Source\MMatchItem.cpp(1116,13): warning C4996: 'stricmp': The POSIX name for this item is deprecated. Instead, use the ISO C and C++ conformant name: _stricmp. See online help for details.
  (compiling source file '/Source/MMatchItem.cpp')
  
E:\2ITSOURCE2026\CSCommon\Source\MMatchItem.cpp(1119,13): warning C4996: 'stricmp': The POSIX name for this item is deprecated. Instead, use the ISO C and C++ conformant name: _stricmp. See online help for details.
  (compiling source file '/Source/MMatchItem.cpp')
  
E:\2ITSOURCE2026\CSCommon\Source\MMatchItem.cpp(1121,13): warning C4996: 'stricmp': The POSIX name for this item is deprecated. Instead, use the ISO C and C++ conformant name: _stricmp. See online help for details.
  (compiling source file '/Source/MMatchItem.cpp')
  
E:\2ITSOURCE2026\CSCommon\Source\MMatchItem.cpp(1123,18): warning C4996: 'stricmp': The POSIX name for this item is deprecated. Instead, use the ISO C and C++ conformant name: _stricmp. See online help for details.
  (compiling source file '/Source/MMatchItem.cpp')
  
E:\2ITSOURCE2026\CSCommon\Source\MMatchItem.cpp(1129,13): warning C4996: 'stricmp': The POSIX name for this item is deprecated. Instead, use the ISO C and C++ conformant name: _stricmp. See online help for details.
  (compiling source file '/Source/MMatchItem.cpp')
  
E:\2ITSOURCE2026\CSCommon\Source\MMatchItem.cpp(1135,13): warning C4996: 'stricmp': The POSIX name for this item is deprecated. Instead, use the ISO C and C++ conformant name: _stricmp. See online help for details.
  (compiling source file '/Source/MMatchItem.cpp')
  
E:\2ITSOURCE2026\CSCommon\Source\MMatchItem.cpp(1137,4): warning C4996: 'strcpy': This function or variable may be unsafe. Consider using strcpy_s instead. To disable deprecation, use _CRT_SECURE_NO_WARNINGS. See online help for details.
  (compiling source file '/Source/MMatchItem.cpp')
  
E:\2ITSOURCE2026\CSCommon\Source\MMatchItem.cpp(1141,13): warning C4996: 'stricmp': The POSIX name for this item is deprecated. Instead, use the ISO C and C++ conformant name: _stricmp. See online help for details.
  (compiling source file '/Source/MMatchItem.cpp')
  
E:\2ITSOURCE2026\CSCommon\Source\MMatchItem.cpp(1143,4): warning C4996: 'strcpy': This function or variable may be unsafe. Consider using strcpy_s instead. To disable deprecation, use _CRT_SECURE_NO_WARNINGS. See online help for details.
  (compiling source file '/Source/MMatchItem.cpp')
  
E:\2ITSOURCE2026\CSCommon\Source\MMatchItem.cpp(1147,13): warning C4996: 'stricmp': The POSIX name for this item is deprecated. Instead, use the ISO C and C++ conformant name: _stricmp. See online help for details.
  (compiling source file '/Source/MMatchItem.cpp')
  
E:\2ITSOURCE2026\CSCommon\Source\MMatchItem.cpp(1149,4): warning C4996: 'strcpy': This function or variable may be unsafe. Consider using strcpy_s instead. To disable deprecation, use _CRT_SECURE_NO_WARNINGS. See online help for details.
  (compiling source file '/Source/MMatchItem.cpp')
  
E:\2ITSOURCE2026\CSCommon\Source\MMatchItem.cpp(1153,13): warning C4996: 'stricmp': The POSIX name for this item is deprecated. Instead, use the ISO C and C++ conformant name: _stricmp. See online help for details.
  (compiling source file '/Source/MMatchItem.cpp')
  
E:\2ITSOURCE2026\CSCommon\Source\MMatchItem.cpp(1155,4): warning C4996: 'strcpy': This function or variable may be unsafe. Consider using strcpy_s instead. To disable deprecation, use _CRT_SECURE_NO_WARNINGS. See online help for details.
  (compiling source file '/Source/MMatchItem.cpp')
  
E:\2ITSOURCE2026\CSCommon\Source\MMatchItem.cpp(1159,13): warning C4996: 'stricmp': The POSIX name for this item is deprecated. Instead, use the ISO C and C++ conformant name: _stricmp. See online help for details.
  (compiling source file '/Source/MMatchItem.cpp')
  
E:\2ITSOURCE2026\CSCommon\Source\MMatchItem.cpp(1161,4): warning C4996: 'strcpy': This function or variable may be unsafe. Consider using strcpy_s instead. To disable deprecation, use _CRT_SECURE_NO_WARNINGS. See online help for details.
  (compiling source file '/Source/MMatchItem.cpp')
  
E:\2ITSOURCE2026\CSCommon\Source\MMatchItem.cpp(1856,48): warning C4566: character represented by universal-character-name '\uC5C6' cannot be represented in the current code page (1252)
  (compiling source file '/Source/MMatchItem.cpp')
  
E:\2ITSOURCE2026\CSCommon\Source\MMatchItem.cpp(1856,48): warning C4566: character represented by universal-character-name '\uC74C' cannot be represented in the current code page (1252)
  (compiling source file '/Source/MMatchItem.cpp')
  
E:\2ITSOURCE2026\CSCommon\Source\MMatchItem.cpp(1857,13): warning C4566: character represented by universal-character-name '\uADFC' cannot be represented in the current code page (1252)
  (compiling source file '/Source/MMatchItem.cpp')
  
E:\2ITSOURCE2026\CSCommon\Source\MMatchItem.cpp(1857,13): warning C4566: character represented by universal-character-name '\uC811' cannot be represented in the current code page (1252)
  (compiling source file '/Source/MMatchItem.cpp')
  
E:\2ITSOURCE2026\CSCommon\Source\MMatchItem.cpp(1857,13): warning C4566: character represented by universal-character-name '\uBB34' cannot be represented in the current code page (1252)
  (compiling source file '/Source/MMatchItem.cpp')
  
E:\2ITSOURCE2026\CSCommon\Source\MMatchItem.cpp(1857,13): warning C4566: character represented by universal-character-name '\uAE30' cannot be represented in the current code page (1252)
  (compiling source file '/Source/MMatchItem.cpp')
  
E:\2ITSOURCE2026\CSCommon\Source\MMatchItem.cpp(1858,13): warning C4566: character represented by universal-character-name '\uC6D0' cannot be represented in the current code page (1252)
  (compiling source file '/Source/MMatchItem.cpp')
  
E:\2ITSOURCE2026\CSCommon\Source\MMatchItem.cpp(1858,13): warning C4566: character represented by universal-character-name '\uAC70' cannot be represented in the current code page (1252)
  (compiling source file '/Source/MMatchItem.cpp')
  
E:\2ITSOURCE2026\CSCommon\Source\MMatchItem.cpp(1858,13): warning C4566: character represented by universal-character-name '\uB9AC' cannot be represented in the current code page (1252)
  (compiling source file '/Source/MMatchItem.cpp')
  
E:\2ITSOURCE2026\CSCommon\Source\MMatchItem.cpp(1858,13): warning C4566: character represented by universal-character-name '\uBB34' cannot be represented in the current code page (1252)
  (compiling source file '/Source/MMatchItem.cpp')
  
E:\2ITSOURCE2026\CSCommon\Source\MMatchItem.cpp(1858,13): warning C4566: character represented by universal-character-name '\uAE30' cannot be represented in the current code page (1252)
  (compiling source file '/Source/MMatchItem.cpp')
  
E:\2ITSOURCE2026\CSCommon\Source\MMatchItem.cpp(1859,13): warning C4566: character represented by universal-character-name '\uC544' cannot be represented in the current code page (1252)
  (compiling source file '/Source/MMatchItem.cpp')
  
E:\2ITSOURCE2026\CSCommon\Source\MMatchItem.cpp(1859,13): warning C4566: character represented by universal-character-name '\uC774' cannot be represented in the current code page (1252)
  (compiling source file '/Source/MMatchItem.cpp')
  
E:\2ITSOURCE2026\CSCommon\Source\MMatchItem.cpp(1859,13): warning C4566: character represented by universal-character-name '\uD15C' cannot be represented in the current code page (1252)
  (compiling source file '/Source/MMatchItem.cpp')
  
E:\2ITSOURCE2026\CSCommon\Source\MMatchItem.cpp(1860,13): warning C4566: character represented by universal-character-name '\uBA38' cannot be represented in the current code page (1252)
  (compiling source file '/Source/MMatchItem.cpp')
  
E:\2ITSOURCE2026\CSCommon\Source\MMatchItem.cpp(1860,13): warning C4566: character represented by universal-character-name '\uB9AC' cannot be represented in the current code page (1252)
  (compiling source file '/Source/MMatchItem.cpp')
  
E:\2ITSOURCE2026\CSCommon\Source\MMatchItem.cpp(1861,13): warning C4566: character represented by universal-character-name '\uAC00' cannot be represented in the current code page (1252)
  (compiling source file '/Source/MMatchItem.cpp')
  
E:\2ITSOURCE2026\CSCommon\Source\MMatchItem.cpp(1861,13): warning C4566: character represented by universal-character-name '\uC2B4' cannot be represented in the current code page (1252)
  (compiling source file '/Source/MMatchItem.cpp')
  
E:\2ITSOURCE2026\CSCommon\Source\MMatchItem.cpp(1862,13): warning C4566: character represented by universal-character-name '\uC190' cannot be represented in the current code page (1252)
  (compiling source file '/Source/MMatchItem.cpp')
  
E:\2ITSOURCE2026\CSCommon\Source\MMatchItem.cpp(1863,13): warning C4566: character represented by universal-character-name '\uB2E4' cannot be represented in the current code page (1252)
  (compiling source file '/Source/MMatchItem.cpp')
  
E:\2ITSOURCE2026\CSCommon\Source\MMatchItem.cpp(1863,13): warning C4566: character represented by universal-character-name '\uB9AC' cannot be represented in the current code page (1252)
  (compiling source file '/Source/MMatchItem.cpp')
  
E:\2ITSOURCE2026\CSCommon\Source\MMatchItem.cpp(1864,13): warning C4566: character represented by universal-character-name '\uBC1C' cannot be represented in the current code page (1252)
  (compiling source file '/Source/MMatchItem.cpp')
  
E:\2ITSOURCE2026\CSCommon\Source\MMatchItem.cpp(1865,13): warning C4566: character represented by universal-character-name '\uC190' cannot be represented in the current code page (1252)
  (compiling source file '/Source/MMatchItem.cpp')
  
E:\2ITSOURCE2026\CSCommon\Source\MMatchItem.cpp(1865,13): warning C4566: character represented by universal-character-name '\uAC00' cannot be represented in the current code page (1252)
  (compiling source file '/Source/MMatchItem.cpp')
  
E:\2ITSOURCE2026\CSCommon\Source\MMatchItem.cpp(1865,13): warning C4566: character represented by universal-character-name '\uB77D' cannot be represented in the current code page (1252)
  (compiling source file '/Source/MMatchItem.cpp')
  
E:\2ITSOURCE2026\CSCommon\Source\MMatchItem.cpp(1866,13): warning C4566: character represented by universal-character-name '\uD2B9' cannot be represented in the current code page (1252)
  (compiling source file '/Source/MMatchItem.cpp')
  
E:\2ITSOURCE2026\CSCommon\Source\MMatchItem.cpp(1866,13): warning C4566: character represented by universal-character-name '\uBCC4' cannot be represented in the current code page (1252)
  (compiling source file '/Source/MMatchItem.cpp')
  
E:\2ITSOURCE2026\CSCommon\Source\MMatchItem.cpp(1874,54): warning C4566: character represented by universal-character-name '\uBA38' cannot be represented in the current code page (1252)
  (compiling source file '/Source/MMatchItem.cpp')
  
E:\2ITSOURCE2026\CSCommon\Source\MMatchItem.cpp(1874,54): warning C4566: character represented by universal-character-name '\uB9AC' cannot be represented in the current code page (1252)
  (compiling source file '/Source/MMatchItem.cpp')
  
E:\2ITSOURCE2026\CSCommon\Source\MMatchItem.cpp(1875,15): warning C4566: character represented by universal-character-name '\uAC00' cannot be represented in the current code page (1252)
  (compiling source file '/Source/MMatchItem.cpp')
  
E:\2ITSOURCE2026\CSCommon\Source\MMatchItem.cpp(1875,15): warning C4566: character represented by universal-character-name '\uC2B4' cannot be represented in the current code page (1252)
  (compiling source file '/Source/MMatchItem.cpp')
  
E:\2ITSOURCE2026\CSCommon\Source\MMatchItem.cpp(1876,15): warning C4566: character represented by universal-character-name '\uC190' cannot be represented in the current code page (1252)
  (compiling source file '/Source/MMatchItem.cpp')
  
E:\2ITSOURCE2026\CSCommon\Source\MMatchItem.cpp(1877,15): warning C4566: character represented by universal-character-name '\uB2E4' cannot be represented in the current code page (1252)
  (compiling source file '/Source/MMatchItem.cpp')
  
E:\2ITSOURCE2026\CSCommon\Source\MMatchItem.cpp(1877,15): warning C4566: character represented by universal-character-name '\uB9AC' cannot be represented in the current code page (1252)
  (compiling source file '/Source/MMatchItem.cpp')
  
E:\2ITSOURCE2026\CSCommon\Source\MMatchItem.cpp(1878,15): warning C4566: character represented by universal-character-name '\uBC1C' cannot be represented in the current code page (1252)
  (compiling source file '/Source/MMatchItem.cpp')
  
E:\2ITSOURCE2026\CSCommon\Source\MMatchItem.cpp(1879,15): warning C4566: character represented by universal-character-name '\uC67C' cannot be represented in the current code page (1252)
  (compiling source file '/Source/MMatchItem.cpp')
  
E:\2ITSOURCE2026\CSCommon\Source\MMatchItem.cpp(1879,15): warning C4566: character represented by universal-character-name '\uCABD' cannot be represented in the current code page (1252)
  (compiling source file '/Source/MMatchItem.cpp')
  
E:\2ITSOURCE2026\CSCommon\Source\MMatchItem.cpp(1879,15): warning C4566: character represented by universal-character-name '\uC190' cannot be represented in the current code page (1252)
  (compiling source file '/Source/MMatchItem.cpp')
  
E:\2ITSOURCE2026\CSCommon\Source\MMatchItem.cpp(1879,15): warning C4566: character represented by universal-character-name '\uAC00' cannot be represented in the current code page (1252)
  (compiling source file '/Source/MMatchItem.cpp')
  
E:\2ITSOURCE2026\CSCommon\Source\MMatchItem.cpp(1879,15): warning C4566: character represented by universal-character-name '\uB77D' cannot be represented in the current code page (1252)
  (compiling source file '/Source/MMatchItem.cpp')
  
E:\2ITSOURCE2026\CSCommon\Source\MMatchItem.cpp(1880,15): warning C4566: character represented by universal-character-name '\uC624' cannot be represented in the current code page (1252)
  (compiling source file '/Source/MMatchItem.cpp')
  
E:\2ITSOURCE2026\CSCommon\Source\MMatchItem.cpp(1880,15): warning C4566: character represented by universal-character-name '\uB978' cannot be represented in the current code page (1252)
  (compiling source file '/Source/MMatchItem.cpp')
  
E:\2ITSOURCE2026\CSCommon\Source\MMatchItem.cpp(1880,15): warning C4566: character represented by universal-character-name '\uCABD' cannot be represented in the current code page (1252)
  (compiling source file '/Source/MMatchItem.cpp')
  
E:\2ITSOURCE2026\CSCommon\Source\MMatchItem.cpp(1880,15): warning C4566: character represented by universal-character-name '\uC190' cannot be represented in the current code page (1252)
  (compiling source file '/Source/MMatchItem.cpp')
  
E:\2ITSOURCE2026\CSCommon\Source\MMatchItem.cpp(1880,15): warning C4566: character represented by universal-character-name '\uAC00' cannot be represented in the current code page (1252)
  (compiling source file '/Source/MMatchItem.cpp')
  
E:\2ITSOURCE2026\CSCommon\Source\MMatchItem.cpp(1880,15): warning C4566: character represented by universal-character-name '\uB77D' cannot be represented in the current code page (1252)
  (compiling source file '/Source/MMatchItem.cpp')
  
E:\2ITSOURCE2026\CSCommon\Source\MMatchItem.cpp(1881,15): warning C4566: character represented by universal-character-name '\uADFC' cannot be represented in the current code page (1252)
  (compiling source file '/Source/MMatchItem.cpp')
  
E:\2ITSOURCE2026\CSCommon\Source\MMatchItem.cpp(1881,15): warning C4566: character represented by universal-character-name '\uC811' cannot be represented in the current code page (1252)
  (compiling source file '/Source/MMatchItem.cpp')
  
E:\2ITSOURCE2026\CSCommon\Source\MMatchItem.cpp(1881,15): warning C4566: character represented by universal-character-name '\uBB34' cannot be represented in the current code page (1252)
  (compiling source file '/Source/MMatchItem.cpp')
  
E:\2ITSOURCE2026\CSCommon\Source\MMatchItem.cpp(1881,15): warning C4566: character represented by universal-character-name '\uAE30' cannot be represented in the current code page (1252)
  (compiling source file '/Source/MMatchItem.cpp')
  
E:\2ITSOURCE2026\CSCommon\Source\MMatchItem.cpp(1882,15): warning C4566: character represented by universal-character-name '\uC8FC' cannot be represented in the current code page (1252)
  (compiling source file '/Source/MMatchItem.cpp')
  
E:\2ITSOURCE2026\CSCommon\Source\MMatchItem.cpp(1882,15): warning C4566: character represented by universal-character-name '\uBB34' cannot be represented in the current code page (1252)
  (compiling source file '/Source/MMatchItem.cpp')
  
E:\2ITSOURCE2026\CSCommon\Source\MMatchItem.cpp(1882,15): warning C4566: character represented by universal-character-name '\uAE30' cannot be represented in the current code page (1252)
  (compiling source file '/Source/MMatchItem.cpp')
  
E:\2ITSOURCE2026\CSCommon\Source\MMatchItem.cpp(1883,15): warning C4566: character represented by universal-character-name '\uBCF4' cannot be represented in the current code page (1252)
  (compiling source file '/Source/MMatchItem.cpp')
  
E:\2ITSOURCE2026\CSCommon\Source\MMatchItem.cpp(1883,15): warning C4566: character represented by universal-character-name '\uC870' cannot be represented in the current code page (1252)
  (compiling source file '/Source/MMatchItem.cpp')
  
E:\2ITSOURCE2026\CSCommon\Source\MMatchItem.cpp(1883,15): warning C4566: character represented by universal-character-name '\uBB34' cannot be represented in the current code page (1252)
  (compiling source file '/Source/MMatchItem.cpp')
  
E:\2ITSOURCE2026\CSCommon\Source\MMatchItem.cpp(1883,15): warning C4566: character represented by universal-character-name '\uAE30' cannot be represented in the current code page (1252)
  (compiling source file '/Source/MMatchItem.cpp')
  
E:\2ITSOURCE2026\CSCommon\Source\MMatchItem.cpp(1884,15): warning C4566: character represented by universal-character-name '\uC544' cannot be represented in the current code page (1252)
  (compiling source file '/Source/MMatchItem.cpp')
  
E:\2ITSOURCE2026\CSCommon\Source\MMatchItem.cpp(1884,15): warning C4566: character represented by universal-character-name '\uC774' cannot be represented in the current code page (1252)
  (compiling source file '/Source/MMatchItem.cpp')
  
E:\2ITSOURCE2026\CSCommon\Source\MMatchItem.cpp(1884,15): warning C4566: character represented by universal-character-name '\uD15C' cannot be represented in the current code page (1252)
  (compiling source file '/Source/MMatchItem.cpp')
  
E:\2ITSOURCE2026\CSCommon\Source\MMatchItem.cpp(1885,15): warning C4566: character represented by universal-character-name '\uC544' cannot be represented in the current code page (1252)
  (compiling source file '/Source/MMatchItem.cpp')
  
E:\2ITSOURCE2026\CSCommon\Source\MMatchItem.cpp(1885,15): warning C4566: character represented by universal-character-name '\uC774' cannot be represented in the current code page (1252)
  (compiling source file '/Source/MMatchItem.cpp')
  
E:\2ITSOURCE2026\CSCommon\Source\MMatchItem.cpp(1885,15): warning C4566: character represented by universal-character-name '\uD15C' cannot be represented in the current code page (1252)
  (compiling source file '/Source/MMatchItem.cpp')
  
E:\2ITSOURCE2026\CSCommon\Source\MMatchItem.cpp(1886,51): warning C4566: character represented by universal-character-name '\uC544' cannot be represented in the current code page (1252)
  (compiling source file '/Source/MMatchItem.cpp')
  
E:\2ITSOURCE2026\CSCommon\Source\MMatchItem.cpp(1886,51): warning C4566: character represented by universal-character-name '\uC774' cannot be represented in the current code page (1252)
  (compiling source file '/Source/MMatchItem.cpp')
  
E:\2ITSOURCE2026\CSCommon\Source\MMatchItem.cpp(1886,51): warning C4566: character represented by universal-character-name '\uD15C' cannot be represented in the current code page (1252)
  (compiling source file '/Source/MMatchItem.cpp')
  
E:\2ITSOURCE2026\CSCommon\Source\MMatchItem.cpp(1902,1): warning C4067: unexpected tokens following preprocessor directive - expected a newline
  (compiling source file '/Source/MMatchItem.cpp')
  
  MMatchItemFunction.cpp
  MMatchDBGambleItem.cpp
  MMatchGambleItem.cpp
  MMatchGambleMachine.cpp
  MMatchBuff.cpp
E:\2ITSOURCE2026\CSCommon\Source\MMatchBuff.cpp(82,8): warning C4996: 'stricmp': The POSIX name for this item is deprecated. Instead, use the ISO C and C++ conformant name: _stricmp. See online help for details.
  (compiling source file '/Source/MMatchBuff.cpp')
  
E:\2ITSOURCE2026\CSCommon\Source\MMatchBuff.cpp(156,8): warning C4996: 'stricmp': The POSIX name for this item is deprecated. Instead, use the ISO C and C++ conformant name: _stricmp. See online help for details.
  (compiling source file '/Source/MMatchBuff.cpp')
  
E:\2ITSOURCE2026\CSCommon\Source\MMatchBuff.cpp(205,8): warning C4996: 'stricmp': The POSIX name for this item is deprecated. Instead, use the ISO C and C++ conformant name: _stricmp. See online help for details.
  (compiling source file '/Source/MMatchBuff.cpp')
  
E:\2ITSOURCE2026\CSCommon\Source\MMatchBuff.cpp(209,13): warning C4996: 'stricmp': The POSIX name for this item is deprecated. Instead, use the ISO C and C++ conformant name: _stricmp. See online help for details.
  (compiling source file '/Source/MMatchBuff.cpp')
  
E:\2ITSOURCE2026\CSCommon\Source\MMatchBuff.cpp(211,4): warning C4996: 'strcpy': This function or variable may be unsafe. Consider using strcpy_s instead. To disable deprecation, use _CRT_SECURE_NO_WARNINGS. See online help for details.
  (compiling source file '/Source/MMatchBuff.cpp')
  
E:\2ITSOURCE2026\CSCommon\Source\MMatchBuff.cpp(213,13): warning C4996: 'stricmp': The POSIX name for this item is deprecated. Instead, use the ISO C and C++ conformant name: _stricmp. See online help for details.
  (compiling source file '/Source/MMatchBuff.cpp')
  
E:\2ITSOURCE2026\CSCommon\Source\MMatchBuff.cpp(215,9): warning C4996: 'stricmp': The POSIX name for this item is deprecated. Instead, use the ISO C and C++ conformant name: _stricmp. See online help for details.
  (compiling source file '/Source/MMatchBuff.cpp')
  
E:\2ITSOURCE2026\CSCommon\Source\MMatchBuff.cpp(216,14): warning C4996: 'stricmp': The POSIX name for this item is deprecated. Instead, use the ISO C and C++ conformant name: _stricmp. See online help for details.
  (compiling source file '/Source/MMatchBuff.cpp')
  
E:\2ITSOURCE2026\CSCommon\Source\MMatchBuff.cpp(219,13): warning C4996: 'stricmp': The POSIX name for this item is deprecated. Instead, use the ISO C and C++ conformant name: _stricmp. See online help for details.
  (compiling source file '/Source/MMatchBuff.cpp')
  
E:\2ITSOURCE2026\CSCommon\Source\MMatchBuff.cpp(223,13): warning C4996: 'stricmp': The POSIX name for this item is deprecated. Instead, use the ISO C and C++ conformant name: _stricmp. See online help for details.
  (compiling source file '/Source/MMatchBuff.cpp')
  
E:\2ITSOURCE2026\CSCommon\Source\MMatchBuff.cpp(225,9): warning C4996: 'stricmp': The POSIX name for this item is deprecated. Instead, use the ISO C and C++ conformant name: _stricmp. See online help for details.
  (compiling source file '/Source/MMatchBuff.cpp')
  
E:\2ITSOURCE2026\CSCommon\Source\MMatchBuff.cpp(226,14): warning C4996: 'stricmp': The POSIX name for this item is deprecated. Instead, use the ISO C and C++ conformant name: _stricmp. See online help for details.
  (compiling source file '/Source/MMatchBuff.cpp')
  
E:\2ITSOURCE2026\CSCommon\Source\MMatchBuff.cpp(229,13): warning C4996: 'stricmp': The POSIX name for this item is deprecated. Instead, use the ISO C and C++ conformant name: _stricmp. See online help for details.
  (compiling source file '/Source/MMatchBuff.cpp')
  
E:\2ITSOURCE2026\CSCommon\Source\MMatchBuff.cpp(234,13): warning C4996: 'stricmp': The POSIX name for this item is deprecated. Instead, use the ISO C and C++ conformant name: _stricmp. See online help for details.
  (compiling source file '/Source/MMatchBuff.cpp')
  
E:\2ITSOURCE2026\CSCommon\Source\MMatchBuff.cpp(239,13): warning C4996: 'stricmp': The POSIX name for this item is deprecated. Instead, use the ISO C and C++ conformant name: _stricmp. See online help for details.
  (compiling source file '/Source/MMatchBuff.cpp')
  
E:\2ITSOURCE2026\CSCommon\Source\MMatchBuff.cpp(289,4): warning C4996: 'strcpy': This function or variable may be unsafe. Consider using strcpy_s instead. To disable deprecation, use _CRT_SECURE_NO_WARNINGS. See online help for details.
  (compiling source file '/Source/MMatchBuff.cpp')
  
E:\2ITSOURCE2026\CSCommon\Source\MMatchBuff.cpp(290,4): warning C4996: 'strcpy': This function or variable may be unsafe. Consider using strcpy_s instead. To disable deprecation, use _CRT_SECURE_NO_WARNINGS. See online help for details.
  (compiling source file '/Source/MMatchBuff.cpp')
  
  MMatchBuffSummary.cpp
  MMatchAccountPenaltyInfo.cpp
  MMatchBRMachine.cpp
  MMatchCharBRInfo.cpp
E:\2ITSOURCE2026\CSCommon\Source\MMatchCharBRInfo.cpp(65,59): warning C4018: '>': signed/unsigned mismatch
  (compiling source file '/Source/MMatchCharBRInfo.cpp')
  
  MMatchDBMgr.cpp
E:\2ITSOURCE2026\CSCommon\Source\MMatchDBMgr.cpp(681,3): warning C4996: 'strcpy': This function or variable may be unsafe. Consider using strcpy_s instead. To disable deprecation, use _CRT_SECURE_NO_WARNINGS. See online help for details.
  (compiling source file '/Source/MMatchDBMgr.cpp')
  
E:\2ITSOURCE2026\CSCommon\Source\MMatchDBMgr.cpp(731,2): warning C4996: 'vsprintf': This function or variable may be unsafe. Consider using vsprintf_s instead. To disable deprecation, use _CRT_SECURE_NO_WARNINGS. See online help for details.
  (compiling source file '/Source/MMatchDBMgr.cpp')
  
E:\2ITSOURCE2026\CSCommon\Source\MMatchDBMgr.cpp(798,2): warning C4996: 'strcpy': This function or variable may be unsafe. Consider using strcpy_s instead. To disable deprecation, use _CRT_SECURE_NO_WARNINGS. See online help for details.
  (compiling source file '/Source/MMatchDBMgr.cpp')
  
E:\2ITSOURCE2026\CSCommon\Source\MMatchDBMgr.cpp(832,2): warning C4996: 'strcpy': This function or variable may be unsafe. Consider using strcpy_s instead. To disable deprecation, use _CRT_SECURE_NO_WARNINGS. See online help for details.
  (compiling source file '/Source/MMatchDBMgr.cpp')
  
E:\2ITSOURCE2026\CSCommon\Source\MMatchDBMgr.cpp(1016,3): warning C4996: 'strcpy': This function or variable may be unsafe. Consider using strcpy_s instead. To disable deprecation, use _CRT_SECURE_NO_WARNINGS. See online help for details.
  (compiling source file '/Source/MMatchDBMgr.cpp')
  
E:\2ITSOURCE2026\CSCommon\Source\MMatchDBMgr.cpp(1055,2): warning C4996: 'strcpy': This function or variable may be unsafe. Consider using strcpy_s instead. To disable deprecation, use _CRT_SECURE_NO_WARNINGS. See online help for details.
  (compiling source file '/Source/MMatchDBMgr.cpp')
  
E:\2ITSOURCE2026\CSCommon\Source\MMatchDBMgr.cpp(1056,2): warning C4996: 'strcpy': This function or variable may be unsafe. Consider using strcpy_s instead. To disable deprecation, use _CRT_SECURE_NO_WARNINGS. See online help for details.
  (compiling source file '/Source/MMatchDBMgr.cpp')
  
E:\2ITSOURCE2026\CSCommon\Source\MMatchDBMgr.cpp(1094,2): warning C4996: 'strcpy': This function or variable may be unsafe. Consider using strcpy_s instead. To disable deprecation, use _CRT_SECURE_NO_WARNINGS. See online help for details.
  (compiling source file '/Source/MMatchDBMgr.cpp')
  
E:\2ITSOURCE2026\CSCommon\Source\MMatchDBMgr.cpp(1120,2): warning C4996: 'strcpy': This function or variable may be unsafe. Consider using strcpy_s instead. To disable deprecation, use _CRT_SECURE_NO_WARNINGS. See online help for details.
  (compiling source file '/Source/MMatchDBMgr.cpp')
  
E:\2ITSOURCE2026\CSCommon\Source\MMatchDBMgr.cpp(1221,2): warning C4996: 'strcpy': This function or variable may be unsafe. Consider using strcpy_s instead. To disable deprecation, use _CRT_SECURE_NO_WARNINGS. See online help for details.
  (compiling source file '/Source/MMatchDBMgr.cpp')
  
E:\2ITSOURCE2026\CSCommon\Source\MMatchDBMgr.cpp(1696,16): warning C4996: 'strcpy': This function or variable may be unsafe. Consider using strcpy_s instead. To disable deprecation, use _CRT_SECURE_NO_WARNINGS. See online help for details.
  (compiling source file '/Source/MMatchDBMgr.cpp')
  
E:\2ITSOURCE2026\CSCommon\Source\MMatchDBMgr.cpp(1697,17): warning C4996: 'strcpy': This function or variable may be unsafe. Consider using strcpy_s instead. To disable deprecation, use _CRT_SECURE_NO_WARNINGS. See online help for details.
  (compiling source file '/Source/MMatchDBMgr.cpp')
  
E:\2ITSOURCE2026\CSCommon\Source\MMatchDBMgr.cpp(1729,19): warning C4996: 'strcpy': This function or variable may be unsafe. Consider using strcpy_s instead. To disable deprecation, use _CRT_SECURE_NO_WARNINGS. See online help for details.
  (compiling source file '/Source/MMatchDBMgr.cpp')
  
E:\2ITSOURCE2026\CSCommon\Source\MMatchDBMgr.cpp(1730,19): warning C4996: 'strcpy': This function or variable may be unsafe. Consider using strcpy_s instead. To disable deprecation, use _CRT_SECURE_NO_WARNINGS. See online help for details.
  (compiling source file '/Source/MMatchDBMgr.cpp')
  
E:\2ITSOURCE2026\CSCommon\Source\MMatchDBMgr.cpp(2193,2): warning C4996: 'strcpy': This function or variable may be unsafe. Consider using strcpy_s instead. To disable deprecation, use _CRT_SECURE_NO_WARNINGS. See online help for details.
  (compiling source file '/Source/MMatchDBMgr.cpp')
  
E:\2ITSOURCE2026\CSCommon\Source\MMatchDBMgr.cpp(2512,2): warning C4996: 'strcpy': This function or variable may be unsafe. Consider using strcpy_s instead. To disable deprecation, use _CRT_SECURE_NO_WARNINGS. See online help for details.
  (compiling source file '/Source/MMatchDBMgr.cpp')
  
E:\2ITSOURCE2026\CSCommon\Source\MMatchDBMgr.cpp(2586,4): warning C4996: 'strcpy': This function or variable may be unsafe. Consider using strcpy_s instead. To disable deprecation, use _CRT_SECURE_NO_WARNINGS. See online help for details.
  (compiling source file '/Source/MMatchDBMgr.cpp')
  
E:\2ITSOURCE2026\CSCommon\Source\MMatchDBMgr.cpp(2657,2): warning C4996: 'strcpy': This function or variable may be unsafe. Consider using strcpy_s instead. To disable deprecation, use _CRT_SECURE_NO_WARNINGS. See online help for details.
  (compiling source file '/Source/MMatchDBMgr.cpp')
  
E:\2ITSOURCE2026\CSCommon\Source\MMatchDBMgr.cpp(2658,2): warning C4996: 'strcpy': This function or variable may be unsafe. Consider using strcpy_s instead. To disable deprecation, use _CRT_SECURE_NO_WARNINGS. See online help for details.
  (compiling source file '/Source/MMatchDBMgr.cpp')
  
E:\2ITSOURCE2026\CSCommon\Source\MMatchDBMgr.cpp(2659,2): warning C4996: 'strcpy': This function or variable may be unsafe. Consider using strcpy_s instead. To disable deprecation, use _CRT_SECURE_NO_WARNINGS. See online help for details.
  (compiling source file '/Source/MMatchDBMgr.cpp')
  
E:\2ITSOURCE2026\CSCommon\Source\MMatchDBMgr.cpp(3882,3): warning C4996: 'strcpy': This function or variable may be unsafe. Consider using strcpy_s instead. To disable deprecation, use _CRT_SECURE_NO_WARNINGS. See online help for details.
  (compiling source file '/Source/MMatchDBMgr.cpp')
  
E:\2ITSOURCE2026\CSCommon\Source\MMatchDBMgr.cpp(4002,3): warning C4996: 'strcpy': This function or variable may be unsafe. Consider using strcpy_s instead. To disable deprecation, use _CRT_SECURE_NO_WARNINGS. See online help for details.
  (compiling source file '/Source/MMatchDBMgr.cpp')
  
E:\2ITSOURCE2026\CSCommon\Source\MMatchDBMgr.cpp(4044,3): warning C4996: 'strcpy': This function or variable may be unsafe. Consider using strcpy_s instead. To disable deprecation, use _CRT_SECURE_NO_WARNINGS. See online help for details.
  (compiling source file '/Source/MMatchDBMgr.cpp')
  
E:\2ITSOURCE2026\CSCommon\Source\MMatchDBMgr.cpp(4224,2): warning C4996: 'strcpy': This function or variable may be unsafe. Consider using strcpy_s instead. To disable deprecation, use _CRT_SECURE_NO_WARNINGS. See online help for details.
  (compiling source file '/Source/MMatchDBMgr.cpp')
  
  MMatchDBMgr_AccountItem.cpp
  MMatchDBFilter.cpp
  MMatchAdmin.cpp
E:\2ITSOURCE2026\CSCommon\Source\MMatchAdmin.cpp(42,2): warning C4996: 'strcpy': This function or variable may be unsafe. Consider using strcpy_s instead. To disable deprecation, use _CRT_SECURE_NO_WARNINGS. See online help for details.
  (compiling source file '/Source/MMatchAdmin.cpp')
  
E:\2ITSOURCE2026\CSCommon\Source\MMatchAdmin.cpp(125,7): warning C4996: 'stricmp': The POSIX name for this item is deprecated. Instead, use the ISO C and C++ conformant name: _stricmp. See online help for details.
  (compiling source file '/Source/MMatchAdmin.cpp')
  
E:\2ITSOURCE2026\CSCommon\Source\MMatchAdmin.cpp(129,4): warning C4996: 'sprintf': This function or variable may be unsafe. Consider using sprintf_s instead. To disable deprecation, use _CRT_SECURE_NO_WARNINGS. See online help for details.
  (compiling source file '/Source/MMatchAdmin.cpp')
  
E:\2ITSOURCE2026\CSCommon\Source\MMatchAdmin.cpp(136,3): warning C4996: 'strcpy': This function or variable may be unsafe. Consider using strcpy_s instead. To disable deprecation, use _CRT_SECURE_NO_WARNINGS. See online help for details.
  (compiling source file '/Source/MMatchAdmin.cpp')
  
E:\2ITSOURCE2026\CSCommon\Source\MMatchAdmin.cpp(149,3): warning C4996: 'sprintf': This function or variable may be unsafe. Consider using sprintf_s instead. To disable deprecation, use _CRT_SECURE_NO_WARNINGS. See online help for details.
  (compiling source file '/Source/MMatchAdmin.cpp')
  
E:\2ITSOURCE2026\CSCommon\Source\MMatchAdmin.cpp(169,2): warning C4996: 'strcpy': This function or variable may be unsafe. Consider using strcpy_s instead. To disable deprecation, use _CRT_SECURE_NO_WARNINGS. See online help for details.
  (compiling source file '/Source/MMatchAdmin.cpp')
  
  MMatchChannel.cpp
E:\2ITSOURCE2026\CSCommon\Source\MMatchChannel.cpp(24,2): warning C4996: 'strcpy': This function or variable may be unsafe. Consider using strcpy_s instead. To disable deprecation, use _CRT_SECURE_NO_WARNINGS. See online help for details.
  (compiling source file '/Source/MMatchChannel.cpp')
  
E:\2ITSOURCE2026\CSCommon\Source\MMatchChannel.cpp(25,2): warning C4996: 'strcpy': This function or variable may be unsafe. Consider using strcpy_s instead. To disable deprecation, use _CRT_SECURE_NO_WARNINGS. See online help for details.
  (compiling source file '/Source/MMatchChannel.cpp')
  
E:\2ITSOURCE2026\CSCommon\Source\MMatchChannel.cpp(39,3): warning C4996: 'strcpy': This function or variable may be unsafe. Consider using strcpy_s instead. To disable deprecation, use _CRT_SECURE_NO_WARNINGS. See online help for details.
  (compiling source file '/Source/MMatchChannel.cpp')
  
E:\2ITSOURCE2026\CSCommon\Source\MMatchChannel.cpp(61,8): warning C4996: 'stricmp': The POSIX name for this item is deprecated. Instead, use the ISO C and C++ conformant name: _stricmp. See online help for details.
  (compiling source file '/Source/MMatchChannel.cpp')
  
E:\2ITSOURCE2026\CSCommon\Source\MMatchChannel.cpp(62,13): warning C4996: 'stricmp': The POSIX name for this item is deprecated. Instead, use the ISO C and C++ conformant name: _stricmp. See online help for details.
  (compiling source file '/Source/MMatchChannel.cpp')
  
E:\2ITSOURCE2026\CSCommon\Source\MMatchChannel.cpp(63,13): warning C4996: 'stricmp': The POSIX name for this item is deprecated. Instead, use the ISO C and C++ conformant name: _stricmp. See online help for details.
  (compiling source file '/Source/MMatchChannel.cpp')
  
E:\2ITSOURCE2026\CSCommon\Source\MMatchChannel.cpp(64,13): warning C4996: 'stricmp': The POSIX name for this item is deprecated. Instead, use the ISO C and C++ conformant name: _stricmp. See online help for details.
  (compiling source file '/Source/MMatchChannel.cpp')
  
E:\2ITSOURCE2026\CSCommon\Source\MMatchChannel.cpp(65,13): warning C4996: 'stricmp': The POSIX name for this item is deprecated. Instead, use the ISO C and C++ conformant name: _stricmp. See online help for details.
  (compiling source file '/Source/MMatchChannel.cpp')
  
E:\2ITSOURCE2026\CSCommon\Source\MMatchChannel.cpp(66,13): warning C4996: 'stricmp': The POSIX name for this item is deprecated. Instead, use the ISO C and C++ conformant name: _stricmp. See online help for details.
  (compiling source file '/Source/MMatchChannel.cpp')
  
E:\2ITSOURCE2026\CSCommon\Source\MMatchChannel.cpp(67,13): warning C4996: 'stricmp': The POSIX name for this item is deprecated. Instead, use the ISO C and C++ conformant name: _stricmp. See online help for details.
  (compiling source file '/Source/MMatchChannel.cpp')
  
E:\2ITSOURCE2026\CSCommon\Source\MMatchChannel.cpp(68,13): warning C4996: 'stricmp': The POSIX name for this item is deprecated. Instead, use the ISO C and C++ conformant name: _stricmp. See online help for details.
  (compiling source file '/Source/MMatchChannel.cpp')
  
E:\2ITSOURCE2026\CSCommon\Source\MMatchChannel.cpp(69,13): warning C4996: 'stricmp': The POSIX name for this item is deprecated. Instead, use the ISO C and C++ conformant name: _stricmp. See online help for details.
  (compiling source file '/Source/MMatchChannel.cpp')
  
E:\2ITSOURCE2026\CSCommon\Source\MMatchChannel.cpp(70,13): warning C4996: 'stricmp': The POSIX name for this item is deprecated. Instead, use the ISO C and C++ conformant name: _stricmp. See online help for details.
  (compiling source file '/Source/MMatchChannel.cpp')
  
E:\2ITSOURCE2026\CSCommon\Source\MMatchChannel.cpp(71,13): warning C4996: 'stricmp': The POSIX name for this item is deprecated. Instead, use the ISO C and C++ conformant name: _stricmp. See online help for details.
  (compiling source file '/Source/MMatchChannel.cpp')
  
  MMatchChatRoom.cpp
E:\2ITSOURCE2026\CSCommon\Source\MMatchChatRoom.cpp(15,2): warning C4996: 'strncpy': This function or variable may be unsafe. Consider using strncpy_s instead. To disable deprecation, use _CRT_SECURE_NO_WARNINGS. See online help for details.
  (compiling source file '/Source/MMatchChatRoom.cpp')
  
  MMatchCheckLoopTime.cpp
  MMatchClan.cpp
E:\2ITSOURCE2026\CSCommon\Source\MMatchClan.cpp(61,2): warning C4996: 'strcpy': This function or variable may be unsafe. Consider using strcpy_s instead. To disable deprecation, use _CRT_SECURE_NO_WARNINGS. See online help for details.
  (compiling source file '/Source/MMatchClan.cpp')
  
E:\2ITSOURCE2026\CSCommon\Source\MMatchClan.cpp(78,2): warning C4996: 'strcpy': This function or variable may be unsafe. Consider using strcpy_s instead. To disable deprecation, use _CRT_SECURE_NO_WARNINGS. See online help for details.
  (compiling source file '/Source/MMatchClan.cpp')
  
E:\2ITSOURCE2026\CSCommon\Source\MMatchClan.cpp(79,2): warning C4996: 'strcpy': This function or variable may be unsafe. Consider using strcpy_s instead. To disable deprecation, use _CRT_SECURE_NO_WARNINGS. See online help for details.
  (compiling source file '/Source/MMatchClan.cpp')
  
  MMatchFriendInfo.cpp
E:\2ITSOURCE2026\CSCommon\Source\MMatchFriendInfo.cpp(31,2): warning C4996: 'strcpy': This function or variable may be unsafe. Consider using strcpy_s instead. To disable deprecation, use _CRT_SECURE_NO_WARNINGS. See online help for details.
  (compiling source file '/Source/MMatchFriendInfo.cpp')
  
E:\2ITSOURCE2026\CSCommon\Source\MMatchFriendInfo.cpp(32,2): warning C4996: 'strcpy': This function or variable may be unsafe. Consider using strcpy_s instead. To disable deprecation, use _CRT_SECURE_NO_WARNINGS. See online help for details.
  (compiling source file '/Source/MMatchFriendInfo.cpp')
  
E:\2ITSOURCE2026\CSCommon\Source\MMatchFriendInfo.cpp(43,7): warning C4996: 'stricmp': The POSIX name for this item is deprecated. Instead, use the ISO C and C++ conformant name: _stricmp. See online help for details.
  (compiling source file '/Source/MMatchFriendInfo.cpp')
  
E:\2ITSOURCE2026\CSCommon\Source\MMatchFriendInfo.cpp(67,7): warning C4996: 'stricmp': The POSIX name for this item is deprecated. Instead, use the ISO C and C++ conformant name: _stricmp. See online help for details.
  (compiling source file '/Source/MMatchFriendInfo.cpp')
  
E:\2ITSOURCE2026\CSCommon\Source\MMatchFriendInfo.cpp(88,5): warning C4996: 'sprintf': This function or variable may be unsafe. Consider using sprintf_s instead. To disable deprecation, use _CRT_SECURE_NO_WARNINGS. See online help for details.
  (compiling source file '/Source/MMatchFriendInfo.cpp')
  
E:\2ITSOURCE2026\CSCommon\Source\MMatchFriendInfo.cpp(89,5): warning C4996: 'strncpy': This function or variable may be unsafe. Consider using strncpy_s instead. To disable deprecation, use _CRT_SECURE_NO_WARNINGS. See online help for details.
  (compiling source file '/Source/MMatchFriendInfo.cpp')
  
E:\2ITSOURCE2026\CSCommon\Source\MMatchFriendInfo.cpp(92,5): warning C4996: 'strcpy': This function or variable may be unsafe. Consider using strcpy_s instead. To disable deprecation, use _CRT_SECURE_NO_WARNINGS. See online help for details.
  (compiling source file '/Source/MMatchFriendInfo.cpp')
  
E:\2ITSOURCE2026\CSCommon\Source\MMatchFriendInfo.cpp(96,4): warning C4996: 'strcpy': This function or variable may be unsafe. Consider using strcpy_s instead. To disable deprecation, use _CRT_SECURE_NO_WARNINGS. See online help for details.
  (compiling source file '/Source/MMatchFriendInfo.cpp')
  
  MMatchGlobal.cpp
  Generating Code...
  Compiling...
  MMatchNotify.cpp
E:\2ITSOURCE2026\CSCommon\Source\MMatchNotify.cpp(47,6): warning C4996: 'stricmp': The POSIX name for this item is deprecated. Instead, use the ISO C and C++ conformant name: _stricmp. See online help for details.
  (compiling source file '/Source/MMatchNotify.cpp')
  
  MMatchPremiumIPCache.cpp
  MMatchSchedule.cpp
E:\2ITSOURCE2026\CSCommon\Source\MMatchSchedule.cpp(657,9): warning C4996: '_localtime64': This function or variable may be unsafe. Consider using _localtime64_s instead. To disable deprecation, use _CRT_SECURE_NO_WARNINGS. See online help for details.
  (compiling source file '/Source/MMatchSchedule.cpp')
  
  MMatchShop.cpp
  MMatchShutdown.cpp
  MMatchStatus.cpp
E:\2ITSOURCE2026\CSCommon\Source\MMatchStatus.cpp(53,2): warning C4996: 'sprintf': This function or variable may be unsafe. Consider using sprintf_s instead. To disable deprecation, use _CRT_SECURE_NO_WARNINGS. See online help for details.
  (compiling source file '/Source/MMatchStatus.cpp')
  
E:\2ITSOURCE2026\CSCommon\Source\MMatchStatus.cpp(57,2): warning C4996: 'sprintf': This function or variable may be unsafe. Consider using sprintf_s instead. To disable deprecation, use _CRT_SECURE_NO_WARNINGS. See online help for details.
  (compiling source file '/Source/MMatchStatus.cpp')
  
E:\2ITSOURCE2026\CSCommon\Source\MMatchStatus.cpp(61,2): warning C4996: 'sprintf': This function or variable may be unsafe. Consider using sprintf_s instead. To disable deprecation, use _CRT_SECURE_NO_WARNINGS. See online help for details.
  (compiling source file '/Source/MMatchStatus.cpp')
  
E:\2ITSOURCE2026\CSCommon\Source\MMatchStatus.cpp(65,2): warning C4996: 'sprintf': This function or variable may be unsafe. Consider using sprintf_s instead. To disable deprecation, use _CRT_SECURE_NO_WARNINGS. See online help for details.
  (compiling source file '/Source/MMatchStatus.cpp')
  
E:\2ITSOURCE2026\CSCommon\Source\MMatchStatus.cpp(79,4): warning C4996: 'sprintf': This function or variable may be unsafe. Consider using sprintf_s instead. To disable deprecation, use _CRT_SECURE_NO_WARNINGS. See online help for details.
  (compiling source file '/Source/MMatchStatus.cpp')
  
E:\2ITSOURCE2026\CSCommon\Source\MMatchStatus.cpp(81,4): warning C4996: 'strcat': This function or variable may be unsafe. Consider using strcat_s instead. To disable deprecation, use _CRT_SECURE_NO_WARNINGS. See online help for details.
  (compiling source file '/Source/MMatchStatus.cpp')
  
E:\2ITSOURCE2026\CSCommon\Source\MMatchStatus.cpp(95,4): warning C4996: 'sprintf': This function or variable may be unsafe. Consider using sprintf_s instead. To disable deprecation, use _CRT_SECURE_NO_WARNINGS. See online help for details.
  (compiling source file '/Source/MMatchStatus.cpp')
  
E:\2ITSOURCE2026\CSCommon\Source\MMatchStatus.cpp(97,4): warning C4996: 'strcat': This function or variable may be unsafe. Consider using strcat_s instead. To disable deprecation, use _CRT_SECURE_NO_WARNINGS. See online help for details.
  (compiling source file '/Source/MMatchStatus.cpp')
  
E:\2ITSOURCE2026\CSCommon\Source\MMatchStatus.cpp(123,3): warning C4996: 'strcpy': This function or variable may be unsafe. Consider using strcpy_s instead. To disable deprecation, use _CRT_SECURE_NO_WARNINGS. See online help for details.
  (compiling source file '/Source/MMatchStatus.cpp')
  
  MMatchTransDataType.cpp
  MMatchUtil.cpp
  MSmartRefreshImpl.cpp
  MVoteDiscussImpl.cpp
E:\2ITSOURCE2026\CSCommon\Source\MVoteDiscussImpl.cpp(12,8): warning C4996: 'stricmp': The POSIX name for this item is deprecated. Instead, use the ISO C and C++ conformant name: _stricmp. See online help for details.
  (compiling source file '/Source/MVoteDiscussImpl.cpp')
  
E:\2ITSOURCE2026\CSCommon\Source\MVoteDiscussImpl.cpp(17,13): warning C4996: 'stricmp': The POSIX name for this item is deprecated. Instead, use the ISO C and C++ conformant name: _stricmp. See online help for details.
  (compiling source file '/Source/MVoteDiscussImpl.cpp')
  
E:\2ITSOURCE2026\CSCommon\Source\MVoteDiscussImpl.cpp(37,2): warning C4996: 'sprintf': This function or variable may be unsafe. Consider using sprintf_s instead. To disable deprecation, use _CRT_SECURE_NO_WARNINGS. See online help for details.
  (compiling source file '/Source/MVoteDiscussImpl.cpp')
  
  MVoteMgr.cpp
  MMatchServer.cpp
E:\2ITSOURCE2026\CSCommon\Include\MAsyncDBJob.h(253,3): warning C4996: 'strcpy': This function or variable may be unsafe. Consider using strcpy_s instead. To disable deprecation, use _CRT_SECURE_NO_WARNINGS. See online help for details.
  (compiling source file '/Source/MMatchServer.cpp')
  
E:\2ITSOURCE2026\CSCommon\Include\MAsyncDBJob.h(292,3): warning C4996: 'strcpy': This function or variable may be unsafe. Consider using strcpy_s instead. To disable deprecation, use _CRT_SECURE_NO_WARNINGS. See online help for details.
  (compiling source file '/Source/MMatchServer.cpp')
  
E:\2ITSOURCE2026\CSCommon\Include\MMatchWorldItemDesc.h(23,1): warning C4067: unexpected tokens following preprocessor directive - expected a newline
  (compiling source file '/Source/MMatchServer.cpp')
  
E:\2ITSOURCE2026\CSCommon\Include\MMatchQuestMonsterGroup.h(35,8): warning C4996: 'stricmp': The POSIX name for this item is deprecated. Instead, use the ISO C and C++ conformant name: _stricmp. See online help for details.
  (compiling source file '/Source/MMatchServer.cpp')
  
E:\2ITSOURCE2026\RealSpace2\Include\rvector.h(4,9): warning C4005: 'ASSERT': macro redefinition
  (compiling source file '/Source/MMatchServer.cpp')
      C:\Program Files\Microsoft Visual Studio\18\Community\VC\Tools\MSVC\14.44.35207\atlmfc\include\afx.h(370,9):
      see previous definition of 'ASSERT'
  
E:\2ITSOURCE2026\CSCommon\Source\MMatchServer.cpp(118,2): warning C4996: 'vsprintf': This function or variable may be unsafe. Consider using vsprintf_s instead. To disable deprecation, use _CRT_SECURE_NO_WARNINGS. See online help for details.
  (compiling source file '/Source/MMatchServer.cpp')
  
E:\2ITSOURCE2026\CSCommon\Source\MMatchServer.cpp(124,3): warning C4996: 'strcat': This function or variable may be unsafe. Consider using strcat_s instead. To disable deprecation, use _CRT_SECURE_NO_WARNINGS. See online help for details.
  (compiling source file '/Source/MMatchServer.cpp')
  
E:\2ITSOURCE2026\CSCommon\Source\MMatchServer.cpp(173,3): warning C4996: 'strcpy': This function or variable may be unsafe. Consider using strcpy_s instead. To disable deprecation, use _CRT_SECURE_NO_WARNINGS. See online help for details.
  (compiling source file '/Source/MMatchServer.cpp')
  
E:\2ITSOURCE2026\CSCommon\Source\MMatchServer.cpp(174,3): warning C4996: 'strcpy': This function or variable may be unsafe. Consider using strcpy_s instead. To disable deprecation, use _CRT_SECURE_NO_WARNINGS. See online help for details.
  (compiling source file '/Source/MMatchServer.cpp')
  
E:\2ITSOURCE2026\CSCommon\Source\MMatchServer.cpp(255,3): warning C4996: 'strcpy': This function or variable may be unsafe. Consider using strcpy_s instead. To disable deprecation, use _CRT_SECURE_NO_WARNINGS. See online help for details.
  (compiling source file '/Source/MMatchServer.cpp')
  
E:\2ITSOURCE2026\CSCommon\Source\MMatchServer.cpp(256,3): warning C4996: 'strcpy': This function or variable may be unsafe. Consider using strcpy_s instead. To disable deprecation, use _CRT_SECURE_NO_WARNINGS. See online help for details.
  (compiling source file '/Source/MMatchServer.cpp')
  
E:\2ITSOURCE2026\CSCommon\Source\MMatchServer.cpp(486,3): warning C4996: 'sprintf': This function or variable may be unsafe. Consider using sprintf_s instead. To disable deprecation, use _CRT_SECURE_NO_WARNINGS. See online help for details.
  (compiling source file '/Source/MMatchServer.cpp')
  
E:\2ITSOURCE2026\CSCommon\Source\MMatchServer.cpp(491,5): warning C4996: 'strcat': This function or variable may be unsafe. Consider using strcat_s instead. To disable deprecation, use _CRT_SECURE_NO_WARNINGS. See online help for details.
  (compiling source file '/Source/MMatchServer.cpp')
  
E:\2ITSOURCE2026\CSCommon\Source\MMatchServer.cpp(492,5): warning C4996: 'strcat': This function or variable may be unsafe. Consider using strcat_s instead. To disable deprecation, use _CRT_SECURE_NO_WARNINGS. See online help for details.
  (compiling source file '/Source/MMatchServer.cpp')
  
E:\2ITSOURCE2026\CSCommon\Source\MMatchServer.cpp(749,5): warning C4996: 'strcpy': This function or variable may be unsafe. Consider using strcpy_s instead. To disable deprecation, use _CRT_SECURE_NO_WARNINGS. See online help for details.
  (compiling source file '/Source/MMatchServer.cpp')
  
E:\2ITSOURCE2026\CSCommon\Source\MMatchServer.cpp(841,2): warning C4996: 'sprintf': This function or variable may be unsafe. Consider using sprintf_s instead. To disable deprecation, use _CRT_SECURE_NO_WARNINGS. See online help for details.
  (compiling source file '/Source/MMatchServer.cpp')
  
E:\2ITSOURCE2026\CSCommon\Source\MMatchServer.cpp(1300,1): warning C4067: unexpected tokens following preprocessor directive - expected a newline
  (compiling source file '/Source/MMatchServer.cpp')
  
E:\2ITSOURCE2026\CSCommon\Source\MMatchServer.cpp(2056,7): warning C4996: 'stricmp': The POSIX name for this item is deprecated. Instead, use the ISO C and C++ conformant name: _stricmp. See online help for details.
  (compiling source file '/Source/MMatchServer.cpp')
  
E:\2ITSOURCE2026\CSCommon\Source\MMatchServer.cpp(2142,16): warning C4996: 'inet_ntoa': Use inet_ntop() or InetNtop() instead or define _WINSOCK_DEPRECATED_NO_WARNINGS to disable deprecated API warnings
  (compiling source file '/Source/MMatchServer.cpp')
  
E:\2ITSOURCE2026\CSCommon\Source\MMatchServer.cpp(2403,2): warning C4996: 'strcpy': This function or variable may be unsafe. Consider using strcpy_s instead. To disable deprecation, use _CRT_SECURE_NO_WARNINGS. See online help for details.
  (compiling source file '/Source/MMatchServer.cpp')
  
E:\2ITSOURCE2026\CSCommon\Source\MMatchServer.cpp(2405,2): warning C4996: 'strcpy': This function or variable may be unsafe. Consider using strcpy_s instead. To disable deprecation, use _CRT_SECURE_NO_WARNINGS. See online help for details.
  (compiling source file '/Source/MMatchServer.cpp')
  
E:\2ITSOURCE2026\CSCommon\Source\MMatchServer.cpp(2418,2): warning C4996: 'strcpy': This function or variable may be unsafe. Consider using strcpy_s instead. To disable deprecation, use _CRT_SECURE_NO_WARNINGS. See online help for details.
  (compiling source file '/Source/MMatchServer.cpp')
  
E:\2ITSOURCE2026\CSCommon\Source\MMatchServer.cpp(2468,17): warning C4996: 'fopen': This function or variable may be unsafe. Consider using fopen_s instead. To disable deprecation, use _CRT_SECURE_NO_WARNINGS. See online help for details.
  (compiling source file '/Source/MMatchServer.cpp')
  
E:\2ITSOURCE2026\CSCommon\Source\MMatchServer.cpp(2472,4): warning C4996: '_strdate': This function or variable may be unsafe. Consider using _strdate_s instead. To disable deprecation, use _CRT_SECURE_NO_WARNINGS. See online help for details.
  (compiling source file '/Source/MMatchServer.cpp')
  
E:\2ITSOURCE2026\CSCommon\Source\MMatchServer.cpp(2473,4): warning C4996: '_strtime': This function or variable may be unsafe. Consider using _strtime_s instead. To disable deprecation, use _CRT_SECURE_NO_WARNINGS. See online help for details.
  (compiling source file '/Source/MMatchServer.cpp')
  
E:\2ITSOURCE2026\CSCommon\Source\MMatchServer.cpp(2500,1): warning C4067: unexpected tokens following preprocessor directive - expected a newline
  (compiling source file '/Source/MMatchServer.cpp')
  
E:\2ITSOURCE2026\CSCommon\Source\MMatchServer.cpp(2550,1): warning C4067: unexpected tokens following preprocessor directive - expected a newline
  (compiling source file '/Source/MMatchServer.cpp')
  
E:\2ITSOURCE2026\CSCommon\Source\MMatchServer.cpp(2527,4): warning C4996: 'sprintf': This function or variable may be unsafe. Consider using sprintf_s instead. To disable deprecation, use _CRT_SECURE_NO_WARNINGS. See online help for details.
  (compiling source file '/Source/MMatchServer.cpp')
  
E:\2ITSOURCE2026\CSCommon\Source\MMatchServer.cpp(2537,5): warning C4996: 'sprintf': This function or variable may be unsafe. Consider using sprintf_s instead. To disable deprecation, use _CRT_SECURE_NO_WARNINGS. See online help for details.
  (compiling source file '/Source/MMatchServer.cpp')
  
E:\2ITSOURCE2026\CSCommon\Source\MMatchServer.cpp(2547,3): warning C4996: 'sprintf': This function or variable may be unsafe. Consider using sprintf_s instead. To disable deprecation, use _CRT_SECURE_NO_WARNINGS. See online help for details.
  (compiling source file '/Source/MMatchServer.cpp')
  
E:\2ITSOURCE2026\CSCommon\Source\MMatchServer.cpp(2954,2): warning C4996: 'sprintf': This function or variable may be unsafe. Consider using sprintf_s instead. To disable deprecation, use _CRT_SECURE_NO_WARNINGS. See online help for details.
  (compiling source file '/Source/MMatchServer.cpp')
  
E:\2ITSOURCE2026\CSCommon\Source\MMatchServer.cpp(3352,8): warning C4996: 'stricmp': The POSIX name for this item is deprecated. Instead, use the ISO C and C++ conformant name: _stricmp. See online help for details.
  (compiling source file '/Source/MMatchServer.cpp')
  
E:\2ITSOURCE2026\CSCommon\Source\MMatchServer.cpp(3365,5): warning C4996: 'sprintf': This function or variable may be unsafe. Consider using sprintf_s instead. To disable deprecation, use _CRT_SECURE_NO_WARNINGS. See online help for details.
  (compiling source file '/Source/MMatchServer.cpp')
  
E:\2ITSOURCE2026\CSCommon\Source\MMatchServer.cpp(3428,21): warning C4018: '<': signed/unsigned mismatch
  (compiling source file '/Source/MMatchServer.cpp')
  
E:\2ITSOURCE2026\CSCommon\Source\MMatchServer.cpp(3516,21): warning C4018: '<': signed/unsigned mismatch
  (compiling source file '/Source/MMatchServer.cpp')
  
E:\2ITSOURCE2026\CSCommon\Source\MMatchServer.cpp(3530,21): warning C4018: '<': signed/unsigned mismatch
  (compiling source file '/Source/MMatchServer.cpp')
  
E:\2ITSOURCE2026\CSCommon\Source\MMatchServer.cpp(3393,13): warning C4996: 'fopen': This function or variable may be unsafe. Consider using fopen_s instead. To disable deprecation, use _CRT_SECURE_NO_WARNINGS. See online help for details.
  (compiling source file '/Source/MMatchServer.cpp')
  
E:\2ITSOURCE2026\CSCommon\Source\MMatchServer.cpp(3418,17): warning C4996: 'stricmp': The POSIX name for this item is deprecated. Instead, use the ISO C and C++ conformant name: _stricmp. See online help for details.
  (compiling source file '/Source/MMatchServer.cpp')
  
E:\2ITSOURCE2026\CSCommon\Source\MMatchServer.cpp(3438,3): warning C4996: 'sprintf': This function or variable may be unsafe. Consider using sprintf_s instead. To disable deprecation, use _CRT_SECURE_NO_WARNINGS. See online help for details.
  (compiling source file '/Source/MMatchServer.cpp')
  
E:\2ITSOURCE2026\CSCommon\Source\MMatchServer.cpp(3559,7): warning C4996: 'fopen': This function or variable may be unsafe. Consider using fopen_s instead. To disable deprecation, use _CRT_SECURE_NO_WARNINGS. See online help for details.
  (compiling source file '/Source/MMatchServer.cpp')
  
E:\2ITSOURCE2026\CSCommon\Source\MMatchServer.cpp(3703,21): warning C4018: '<': signed/unsigned mismatch
  (compiling source file '/Source/MMatchServer.cpp')
  
E:\2ITSOURCE2026\CSCommon\Source\MMatchServer.cpp(3734,21): warning C4018: '<': signed/unsigned mismatch
  (compiling source file '/Source/MMatchServer.cpp')
  
E:\2ITSOURCE2026\CSCommon\Source\MMatchServer.cpp(3638,8): warning C4996: 'stricmp': The POSIX name for this item is deprecated. Instead, use the ISO C and C++ conformant name: _stricmp. See online help for details.
  (compiling source file '/Source/MMatchServer.cpp')
  
E:\2ITSOURCE2026\CSCommon\Source\MMatchServer.cpp(3689,17): warning C4996: 'fopen': This function or variable may be unsafe. Consider using fopen_s instead. To disable deprecation, use _CRT_SECURE_NO_WARNINGS. See online help for details.
  (compiling source file '/Source/MMatchServer.cpp')
  
E:\2ITSOURCE2026\CSCommon\Source\MMatchServer.cpp(3694,3): warning C4996: 'strcpy': This function or variable may be unsafe. Consider using strcpy_s instead. To disable deprecation, use _CRT_SECURE_NO_WARNINGS. See online help for details.
  (compiling source file '/Source/MMatchServer.cpp')
  
E:\2ITSOURCE2026\CSCommon\Source\MMatchServer.cpp(3720,17): warning C4996: 'fopen': This function or variable may be unsafe. Consider using fopen_s instead. To disable deprecation, use _CRT_SECURE_NO_WARNINGS. See online help for details.
  (compiling source file '/Source/MMatchServer.cpp')
  
E:\2ITSOURCE2026\CSCommon\Source\MMatchServer.cpp(3725,3): warning C4996: 'strcpy': This function or variable may be unsafe. Consider using strcpy_s instead. To disable deprecation, use _CRT_SECURE_NO_WARNINGS. See online help for details.
  (compiling source file '/Source/MMatchServer.cpp')
  
E:\2ITSOURCE2026\CSCommon\Source\MMatchServer.cpp(4582,13): warning C4996: 'fopen': This function or variable may be unsafe. Consider using fopen_s instead. To disable deprecation, use _CRT_SECURE_NO_WARNINGS. See online help for details.
  (compiling source file '/Source/MMatchServer.cpp')
  
E:\2ITSOURCE2026\CSCommon\Source\MMatchServer.cpp(4615,3): warning C4996: 'strcpy': This function or variable may be unsafe. Consider using strcpy_s instead. To disable deprecation, use _CRT_SECURE_NO_WARNINGS. See online help for details.
  (compiling source file '/Source/MMatchServer.cpp')
  
E:\2ITSOURCE2026\CSCommon\Source\MMatchServer.cpp(4616,3): warning C4996: 'strcat': This function or variable may be unsafe. Consider using strcat_s instead. To disable deprecation, use _CRT_SECURE_NO_WARNINGS. See online help for details.
  (compiling source file '/Source/MMatchServer.cpp')
  
E:\2ITSOURCE2026\CSCommon\Source\MMatchServer.cpp(4617,3): warning C4996: 'strcat': This function or variable may be unsafe. Consider using strcat_s instead. To disable deprecation, use _CRT_SECURE_NO_WARNINGS. See online help for details.
  (compiling source file '/Source/MMatchServer.cpp')
  
E:\2ITSOURCE2026\CSCommon\Source\MMatchServer.cpp(4684,1): warning C4067: unexpected tokens following preprocessor directive - expected a newline
  (compiling source file '/Source/MMatchServer.cpp')
  
E:\2ITSOURCE2026\CSCommon\Source\MMatchServer.cpp(4752,2): warning C4996: 'vsprintf': This function or variable may be unsafe. Consider using vsprintf_s instead. To disable deprecation, use _CRT_SECURE_NO_WARNINGS. See online help for details.
  (compiling source file '/Source/MMatchServer.cpp')
  
  MMatchServer_Admin.cpp
E:\2ITSOURCE2026\CSCommon\Include\MAsyncDBJob.h(253,3): warning C4996: 'strcpy': This function or variable may be unsafe. Consider using strcpy_s instead. To disable deprecation, use _CRT_SECURE_NO_WARNINGS. See online help for details.
  (compiling source file '/Source/MMatchServer_Admin.cpp')
  
E:\2ITSOURCE2026\CSCommon\Include\MAsyncDBJob.h(292,3): warning C4996: 'strcpy': This function or variable may be unsafe. Consider using strcpy_s instead. To disable deprecation, use _CRT_SECURE_NO_WARNINGS. See online help for details.
  (compiling source file '/Source/MMatchServer_Admin.cpp')
  
E:\2ITSOURCE2026\CSCommon\Source\MMatchServer_Admin.cpp(28,15): warning C4996: 'localtime': This function or variable may be unsafe. Consider using localtime_s instead. To disable deprecation, use _CRT_SECURE_NO_WARNINGS. See online help for details.
  (compiling source file '/Source/MMatchServer_Admin.cpp')
  
E:\2ITSOURCE2026\CSCommon\Source\MMatchServer_Admin.cpp(89,2): warning C4996: 'sprintf': This function or variable may be unsafe. Consider using sprintf_s instead. To disable deprecation, use _CRT_SECURE_NO_WARNINGS. See online help for details.
  (compiling source file '/Source/MMatchServer_Admin.cpp')
  
E:\2ITSOURCE2026\CSCommon\Source\MMatchServer_Admin.cpp(260,7): warning C4101: 'szCmd': unreferenced local variable
  (compiling source file '/Source/MMatchServer_Admin.cpp')
  
E:\2ITSOURCE2026\CSCommon\Source\MMatchServer_Admin.cpp(372,6): warning C4996: 'sprintf': This function or variable may be unsafe. Consider using sprintf_s instead. To disable deprecation, use _CRT_SECURE_NO_WARNINGS. See online help for details.
  (compiling source file '/Source/MMatchServer_Admin.cpp')
  
E:\2ITSOURCE2026\CSCommon\Source\MMatchServer_Admin.cpp(375,6): warning C4996: 'sprintf': This function or variable may be unsafe. Consider using sprintf_s instead. To disable deprecation, use _CRT_SECURE_NO_WARNINGS. See online help for details.
  (compiling source file '/Source/MMatchServer_Admin.cpp')
  
E:\2ITSOURCE2026\CSCommon\Source\MMatchServer_Admin.cpp(378,16): warning C4996: 'fopen': This function or variable may be unsafe. Consider using fopen_s instead. To disable deprecation, use _CRT_SECURE_NO_WARNINGS. See online help for details.
  (compiling source file '/Source/MMatchServer_Admin.cpp')
  
E:\2ITSOURCE2026\CSCommon\Source\MMatchServer_Admin.cpp(411,6): warning C4996: 'sprintf': This function or variable may be unsafe. Consider using sprintf_s instead. To disable deprecation, use _CRT_SECURE_NO_WARNINGS. See online help for details.
  (compiling source file '/Source/MMatchServer_Admin.cpp')
  
E:\2ITSOURCE2026\CSCommon\Source\MMatchServer_Admin.cpp(414,6): warning C4996: 'sprintf': This function or variable may be unsafe. Consider using sprintf_s instead. To disable deprecation, use _CRT_SECURE_NO_WARNINGS. See online help for details.
  (compiling source file '/Source/MMatchServer_Admin.cpp')
  
E:\2ITSOURCE2026\CSCommon\Source\MMatchServer_Admin.cpp(423,16): warning C4996: 'fopen': This function or variable may be unsafe. Consider using fopen_s instead. To disable deprecation, use _CRT_SECURE_NO_WARNINGS. See online help for details.
  (compiling source file '/Source/MMatchServer_Admin.cpp')
  
E:\2ITSOURCE2026\CSCommon\Source\MMatchServer_Admin.cpp(455,6): warning C4996: 'sprintf': This function or variable may be unsafe. Consider using sprintf_s instead. To disable deprecation, use _CRT_SECURE_NO_WARNINGS. See online help for details.
  (compiling source file '/Source/MMatchServer_Admin.cpp')
  
E:\2ITSOURCE2026\CSCommon\Source\MMatchServer_Admin.cpp(458,6): warning C4996: 'sprintf': This function or variable may be unsafe. Consider using sprintf_s instead. To disable deprecation, use _CRT_SECURE_NO_WARNINGS. See online help for details.
  (compiling source file '/Source/MMatchServer_Admin.cpp')
  
E:\2ITSOURCE2026\CSCommon\Source\MMatchServer_Admin.cpp(467,16): warning C4996: 'fopen': This function or variable may be unsafe. Consider using fopen_s instead. To disable deprecation, use _CRT_SECURE_NO_WARNINGS. See online help for details.
  (compiling source file '/Source/MMatchServer_Admin.cpp')
  
E:\2ITSOURCE2026\CSCommon\Source\MMatchServer_Admin.cpp(511,54): warning C4474: 'fprintf' : too many arguments passed for format string
  (compiling source file '/Source/MMatchServer_Admin.cpp')
      E:\2ITSOURCE2026\CSCommon\Source\MMatchServer_Admin.cpp(511,54):
      placeholders and their parameters expect 2 variadic arguments, but 3 were provided
  
E:\2ITSOURCE2026\CSCommon\Source\MMatchServer_Admin.cpp(510,12): warning C4996: 'fopen': This function or variable may be unsafe. Consider using fopen_s instead. To disable deprecation, use _CRT_SECURE_NO_WARNINGS. See online help for details.
  (compiling source file '/Source/MMatchServer_Admin.cpp')
  
E:\2ITSOURCE2026\CSCommon\Source\MMatchServer_Admin.cpp(590,3): warning C4996: 'sprintf': This function or variable may be unsafe. Consider using sprintf_s instead. To disable deprecation, use _CRT_SECURE_NO_WARNINGS. See online help for details.
  (compiling source file '/Source/MMatchServer_Admin.cpp')
  
  MMatchServer_Agent.cpp
E:\2ITSOURCE2026\CSCommon\Source\MMatchServer_Agent.cpp(107,2): warning C4996: 'sprintf': This function or variable may be unsafe. Consider using sprintf_s instead. To disable deprecation, use _CRT_SECURE_NO_WARNINGS. See online help for details.
  (compiling source file '/Source/MMatchServer_Agent.cpp')
  
  MMatchServer_AntiHack.cpp
E:\2ITSOURCE2026\CSCommon\Include\MAsyncDBJob.h(253,3): warning C4996: 'strcpy': This function or variable may be unsafe. Consider using strcpy_s instead. To disable deprecation, use _CRT_SECURE_NO_WARNINGS. See online help for details.
  (compiling source file '/MMatchServer_AntiHack.cpp')
  
E:\2ITSOURCE2026\CSCommon\Include\MAsyncDBJob.h(292,3): warning C4996: 'strcpy': This function or variable may be unsafe. Consider using strcpy_s instead. To disable deprecation, use _CRT_SECURE_NO_WARNINGS. See online help for details.
  (compiling source file '/MMatchServer_AntiHack.cpp')
  
E:\2ITSOURCE2026\RealSpace2\Include\rvector.h(4,9): warning C4005: 'ASSERT': macro redefinition
  (compiling source file '/MMatchServer_AntiHack.cpp')
      C:\Program Files\Microsoft Visual Studio\18\Community\VC\Tools\MSVC\14.44.35207\atlmfc\include\afx.h(370,9):
      see previous definition of 'ASSERT'
  
  MMatchServer_Async.cpp
E:\2ITSOURCE2026\CSCommon\Include\MAsyncDBJob.h(253,3): warning C4996: 'strcpy': This function or variable may be unsafe. Consider using strcpy_s instead. To disable deprecation, use _CRT_SECURE_NO_WARNINGS. See online help for details.
  (compiling source file '/Source/MMatchServer_Async.cpp')
  
E:\2ITSOURCE2026\CSCommon\Include\MAsyncDBJob.h(292,3): warning C4996: 'strcpy': This function or variable may be unsafe. Consider using strcpy_s instead. To disable deprecation, use _CRT_SECURE_NO_WARNINGS. See online help for details.
  (compiling source file '/Source/MMatchServer_Async.cpp')
  
E:\2ITSOURCE2026\CSCommon\Include\MAsyncDBJob_SurvivalMode.h(40,3): warning C4996: 'strcpy': This function or variable may be unsafe. Consider using strcpy_s instead. To disable deprecation, use _CRT_SECURE_NO_WARNINGS. See online help for details.
  (compiling source file '/Source/MMatchServer_Async.cpp')
  
E:\2ITSOURCE2026\CSCommon\Source\MMatchServer_Async.cpp(292,3): warning C4996: '_strtime': This function or variable may be unsafe. Consider using _strtime_s instead. To disable deprecation, use _CRT_SECURE_NO_WARNINGS. See online help for details.
  (compiling source file '/Source/MMatchServer_Async.cpp')
  
E:\2ITSOURCE2026\CSCommon\Source\MMatchServer_Async.cpp(407,3): warning C4996: '_strtime': This function or variable may be unsafe. Consider using _strtime_s instead. To disable deprecation, use _CRT_SECURE_NO_WARNINGS. See online help for details.
  (compiling source file '/Source/MMatchServer_Async.cpp')
  
E:\2ITSOURCE2026\CSCommon\Source\MMatchServer_Async.cpp(565,3): warning C4996: '_strtime': This function or variable may be unsafe. Consider using _strtime_s instead. To disable deprecation, use _CRT_SECURE_NO_WARNINGS. See online help for details.
  (compiling source file '/Source/MMatchServer_Async.cpp')
  
E:\2ITSOURCE2026\CSCommon\Source\MMatchServer_Async.cpp(588,3): warning C4996: '_strtime': This function or variable may be unsafe. Consider using _strtime_s instead. To disable deprecation, use _CRT_SECURE_NO_WARNINGS. See online help for details.
  (compiling source file '/Source/MMatchServer_Async.cpp')
  
E:\2ITSOURCE2026\CSCommon\Source\MMatchServer_Async.cpp(603,3): warning C4996: '_strtime': This function or variable may be unsafe. Consider using _strtime_s instead. To disable deprecation, use _CRT_SECURE_NO_WARNINGS. See online help for details.
  (compiling source file '/Source/MMatchServer_Async.cpp')
  
E:\2ITSOURCE2026\CSCommon\Source\MMatchServer_Async.cpp(616,3): warning C4996: '_strtime': This function or variable may be unsafe. Consider using _strtime_s instead. To disable deprecation, use _CRT_SECURE_NO_WARNINGS. See online help for details.
  (compiling source file '/Source/MMatchServer_Async.cpp')
  
E:\2ITSOURCE2026\CSCommon\Source\MMatchServer_Async.cpp(627,3): warning C4996: '_strtime': This function or variable may be unsafe. Consider using _strtime_s instead. To disable deprecation, use _CRT_SECURE_NO_WARNINGS. See online help for details.
  (compiling source file '/Source/MMatchServer_Async.cpp')
  
E:\2ITSOURCE2026\CSCommon\Source\MMatchServer_Async.cpp(675,3): warning C4996: '_strtime': This function or variable may be unsafe. Consider using _strtime_s instead. To disable deprecation, use _CRT_SECURE_NO_WARNINGS. See online help for details.
  (compiling source file '/Source/MMatchServer_Async.cpp')
  
E:\2ITSOURCE2026\CSCommon\Source\MMatchServer_Async.cpp(688,24): warning C4996: '_strtime': This function or variable may be unsafe. Consider using _strtime_s instead. To disable deprecation, use _CRT_SECURE_NO_WARNINGS. See online help for details.
  (compiling source file '/Source/MMatchServer_Async.cpp')
  
  MMatchServer_Channel.cpp
E:\2ITSOURCE2026\CSCommon\Include\MAsyncDBJob.h(253,3): warning C4996: 'strcpy': This function or variable may be unsafe. Consider using strcpy_s instead. To disable deprecation, use _CRT_SECURE_NO_WARNINGS. See online help for details.
  (compiling source file '/Source/MMatchServer_Channel.cpp')
  
E:\2ITSOURCE2026\CSCommon\Include\MAsyncDBJob.h(292,3): warning C4996: 'strcpy': This function or variable may be unsafe. Consider using strcpy_s instead. To disable deprecation, use _CRT_SECURE_NO_WARNINGS. See online help for details.
  (compiling source file '/Source/MMatchServer_Channel.cpp')
  
E:\2ITSOURCE2026\CSCommon\Source\MMatchServer_Channel.cpp(30,2): warning C4996: 'strcpy': This function or variable may be unsafe. Consider using strcpy_s instead. To disable deprecation, use _CRT_SECURE_NO_WARNINGS. See online help for details.
  (compiling source file '/Source/MMatchServer_Channel.cpp')
  
E:\2ITSOURCE2026\CSCommon\Source\MMatchServer_Channel.cpp(31,2): warning C4996: 'strcpy': This function or variable may be unsafe. Consider using strcpy_s instead. To disable deprecation, use _CRT_SECURE_NO_WARNINGS. See online help for details.
  (compiling source file '/Source/MMatchServer_Channel.cpp')
  
E:\2ITSOURCE2026\CSCommon\Source\MMatchServer_Channel.cpp(168,9): warning C4996: 'stricmp': The POSIX name for this item is deprecated. Instead, use the ISO C and C++ conformant name: _stricmp. See online help for details.
  (compiling source file '/Source/MMatchServer_Channel.cpp')
  
E:\2ITSOURCE2026\CSCommon\Source\MMatchServer_Channel.cpp(175,14): warning C4996: 'stricmp': The POSIX name for this item is deprecated. Instead, use the ISO C and C++ conformant name: _stricmp. See online help for details.
  (compiling source file '/Source/MMatchServer_Channel.cpp')
  
E:\2ITSOURCE2026\CSCommon\Source\MMatchServer_Channel.cpp(182,9): warning C4996: 'stricmp': The POSIX name for this item is deprecated. Instead, use the ISO C and C++ conformant name: _stricmp. See online help for details.
  (compiling source file '/Source/MMatchServer_Channel.cpp')
  
E:\2ITSOURCE2026\CSCommon\Source\MMatchServer_Channel.cpp(432,4): warning C4996: 'sprintf': This function or variable may be unsafe. Consider using sprintf_s instead. To disable deprecation, use _CRT_SECURE_NO_WARNINGS. See online help for details.
  (compiling source file '/Source/MMatchServer_Channel.cpp')
  
E:\2ITSOURCE2026\CSCommon\Source\MMatchServer_Channel.cpp(437,4): warning C4996: 'sprintf': This function or variable may be unsafe. Consider using sprintf_s instead. To disable deprecation, use _CRT_SECURE_NO_WARNINGS. See online help for details.
  (compiling source file '/Source/MMatchServer_Channel.cpp')
  
E:\2ITSOURCE2026\CSCommon\Source\MMatchServer_Channel.cpp(542,42): warning C4267: '=': conversion from 'size_t' to 'short', possible loss of data
  (compiling source file '/Source/MMatchServer_Channel.cpp')
  
E:\2ITSOURCE2026\CSCommon\Source\MMatchServer_Channel.cpp(547,3): warning C4996: 'strcpy': This function or variable may be unsafe. Consider using strcpy_s instead. To disable deprecation, use _CRT_SECURE_NO_WARNINGS. See online help for details.
  (compiling source file '/Source/MMatchServer_Channel.cpp')
  
E:\2ITSOURCE2026\CSCommon\Source\MMatchServer_Channel.cpp(548,3): warning C4996: 'strcpy': This function or variable may be unsafe. Consider using strcpy_s instead. To disable deprecation, use _CRT_SECURE_NO_WARNINGS. See online help for details.
  (compiling source file '/Source/MMatchServer_Channel.cpp')
  
  MMatchServer_Char.cpp
E:\2ITSOURCE2026\CSCommon\Include\MAsyncDBJob.h(253,3): warning C4996: 'strcpy': This function or variable may be unsafe. Consider using strcpy_s instead. To disable deprecation, use _CRT_SECURE_NO_WARNINGS. See online help for details.
  (compiling source file '/Source/MMatchServer_Char.cpp')
  
E:\2ITSOURCE2026\CSCommon\Include\MAsyncDBJob.h(292,3): warning C4996: 'strcpy': This function or variable may be unsafe. Consider using strcpy_s instead. To disable deprecation, use _CRT_SECURE_NO_WARNINGS. See online help for details.
  (compiling source file '/Source/MMatchServer_Char.cpp')
  
E:\2ITSOURCE2026\CSCommon\Source\MMatchServer_Char.cpp(203,4): warning C4996: 'sprintf': This function or variable may be unsafe. Consider using sprintf_s instead. To disable deprecation, use _CRT_SECURE_NO_WARNINGS. See online help for details.
  (compiling source file '/Source/MMatchServer_Char.cpp')
  
E:\2ITSOURCE2026\CSCommon\Source\MMatchServer_Char.cpp(504,7): warning C4996: 'stricmp': The POSIX name for this item is deprecated. Instead, use the ISO C and C++ conformant name: _stricmp. See online help for details.
  (compiling source file '/Source/MMatchServer_Char.cpp')
  
E:\2ITSOURCE2026\CSCommon\Source\MMatchServer_Char.cpp(629,3): warning C4996: 'strcpy': This function or variable may be unsafe. Consider using strcpy_s instead. To disable deprecation, use _CRT_SECURE_NO_WARNINGS. See online help for details.
  (compiling source file '/Source/MMatchServer_Char.cpp')
  
E:\2ITSOURCE2026\CSCommon\Source\MMatchServer_Char.cpp(630,3): warning C4996: 'strcpy': This function or variable may be unsafe. Consider using strcpy_s instead. To disable deprecation, use _CRT_SECURE_NO_WARNINGS. See online help for details.
  (compiling source file '/Source/MMatchServer_Char.cpp')
  
E:\2ITSOURCE2026\CSCommon\Source\MMatchServer_Char.cpp(651,17): warning C4996: 'localtime': This function or variable may be unsafe. Consider using localtime_s instead. To disable deprecation, use _CRT_SECURE_NO_WARNINGS. See online help for details.
  (compiling source file '/Source/MMatchServer_Char.cpp')
  
E:\2ITSOURCE2026\CSCommon\Source\MMatchServer_Char.cpp(654,16): warning C4996: 'fopen': This function or variable may be unsafe. Consider using fopen_s instead. To disable deprecation, use _CRT_SECURE_NO_WARNINGS. See online help for details.
  (compiling source file '/Source/MMatchServer_Char.cpp')
  
E:\2ITSOURCE2026\CSCommon\Source\MMatchServer_Char.cpp(867,3): warning C4996: 'sprintf': This function or variable may be unsafe. Consider using sprintf_s instead. To disable deprecation, use _CRT_SECURE_NO_WARNINGS. See online help for details.
  (compiling source file '/Source/MMatchServer_Char.cpp')
  
E:\2ITSOURCE2026\CSCommon\Source\MMatchServer_Char.cpp(870,4): warning C4996: 'strcat': This function or variable may be unsafe. Consider using strcat_s instead. To disable deprecation, use _CRT_SECURE_NO_WARNINGS. See online help for details.
  (compiling source file '/Source/MMatchServer_Char.cpp')
  
E:\2ITSOURCE2026\CSCommon\Source\MMatchServer_Char.cpp(874,3): warning C4996: 'strcat': This function or variable may be unsafe. Consider using strcat_s instead. To disable deprecation, use _CRT_SECURE_NO_WARNINGS. See online help for details.
  (compiling source file '/Source/MMatchServer_Char.cpp')
  
  MMatchServer_Clan.cpp
E:\2ITSOURCE2026\CSCommon\Include\MAsyncDBJob.h(253,3): warning C4996: 'strcpy': This function or variable may be unsafe. Consider using strcpy_s instead. To disable deprecation, use _CRT_SECURE_NO_WARNINGS. See online help for details.
  (compiling source file '/Source/MMatchServer_Clan.cpp')
  
E:\2ITSOURCE2026\CSCommon\Include\MAsyncDBJob.h(292,3): warning C4996: 'strcpy': This function or variable may be unsafe. Consider using strcpy_s instead. To disable deprecation, use _CRT_SECURE_NO_WARNINGS. See online help for details.
  (compiling source file '/Source/MMatchServer_Clan.cpp')
  
E:\2ITSOURCE2026\CSCommon\Source\MMatchServer_Clan.cpp(31,2): warning C4996: 'strcpy': This function or variable may be unsafe. Consider using strcpy_s instead. To disable deprecation, use _CRT_SECURE_NO_WARNINGS. See online help for details.
  (compiling source file '/Source/MMatchServer_Clan.cpp')
  
E:\2ITSOURCE2026\CSCommon\Source\MMatchServer_Clan.cpp(138,6): warning C4996: 'stricmp': The POSIX name for this item is deprecated. Instead, use the ISO C and C++ conformant name: _stricmp. See online help for details.
  (compiling source file '/Source/MMatchServer_Clan.cpp')
  
E:\2ITSOURCE2026\CSCommon\Source\MMatchServer_Clan.cpp(189,2): warning C4996: 'strcpy': This function or variable may be unsafe. Consider using strcpy_s instead. To disable deprecation, use _CRT_SECURE_NO_WARNINGS. See online help for details.
  (compiling source file '/Source/MMatchServer_Clan.cpp')
  
E:\2ITSOURCE2026\CSCommon\Source\MMatchServer_Clan.cpp(209,4): warning C4996: 'strcpy': This function or variable may be unsafe. Consider using strcpy_s instead. To disable deprecation, use _CRT_SECURE_NO_WARNINGS. See online help for details.
  (compiling source file '/Source/MMatchServer_Clan.cpp')
  
E:\2ITSOURCE2026\CSCommon\Source\MMatchServer_Clan.cpp(219,2): warning C4996: 'strcpy': This function or variable may be unsafe. Consider using strcpy_s instead. To disable deprecation, use _CRT_SECURE_NO_WARNINGS. See online help for details.
  (compiling source file '/Source/MMatchServer_Clan.cpp')
  
E:\2ITSOURCE2026\CSCommon\Source\MMatchServer_Clan.cpp(456,6): warning C4996: 'stricmp': The POSIX name for this item is deprecated. Instead, use the ISO C and C++ conformant name: _stricmp. See online help for details.
  (compiling source file '/Source/MMatchServer_Clan.cpp')
  
E:\2ITSOURCE2026\CSCommon\Source\MMatchServer_Clan.cpp(840,2): warning C4996: 'strcpy': This function or variable may be unsafe. Consider using strcpy_s instead. To disable deprecation, use _CRT_SECURE_NO_WARNINGS. See online help for details.
  (compiling source file '/Source/MMatchServer_Clan.cpp')
  
E:\2ITSOURCE2026\CSCommon\Source\MMatchServer_Clan.cpp(841,2): warning C4996: 'strcpy': This function or variable may be unsafe. Consider using strcpy_s instead. To disable deprecation, use _CRT_SECURE_NO_WARNINGS. See online help for details.
  (compiling source file '/Source/MMatchServer_Clan.cpp')
  
E:\2ITSOURCE2026\CSCommon\Source\MMatchServer_Clan.cpp(911,2): warning C4996: 'strcpy': This function or variable may be unsafe. Consider using strcpy_s instead. To disable deprecation, use _CRT_SECURE_NO_WARNINGS. See online help for details.
  (compiling source file '/Source/MMatchServer_Clan.cpp')
  
E:\2ITSOURCE2026\CSCommon\Source\MMatchServer_Clan.cpp(912,2): warning C4996: 'strcpy': This function or variable may be unsafe. Consider using strcpy_s instead. To disable deprecation, use _CRT_SECURE_NO_WARNINGS. See online help for details.
  (compiling source file '/Source/MMatchServer_Clan.cpp')
  
E:\2ITSOURCE2026\CSCommon\Source\MMatchServer_Clan.cpp(1019,55): warning C4267: '=': conversion from 'size_t' to 'short', possible loss of data
  (compiling source file '/Source/MMatchServer_Clan.cpp')
  
E:\2ITSOURCE2026\CSCommon\Source\MMatchServer_Clan.cpp(1016,5): warning C4996: 'strcpy': This function or variable may be unsafe. Consider using strcpy_s instead. To disable deprecation, use _CRT_SECURE_NO_WARNINGS. See online help for details.
  (compiling source file '/Source/MMatchServer_Clan.cpp')
  
E:\2ITSOURCE2026\CSCommon\Source\MMatchServer_Clan.cpp(1068,41): warning C4244: '=': conversion from 'float' to 'int', possible loss of data
  (compiling source file '/Source/MMatchServer_Clan.cpp')
  
  MMatchServer_DuelTournament.cpp
E:\2ITSOURCE2026\CSCommon\Include\MAsyncDBJob.h(253,3): warning C4996: 'strcpy': This function or variable may be unsafe. Consider using strcpy_s instead. To disable deprecation, use _CRT_SECURE_NO_WARNINGS. See online help for details.
  (compiling source file '/Source/MMatchServer_DuelTournament.cpp')
  
E:\2ITSOURCE2026\CSCommon\Include\MAsyncDBJob.h(292,3): warning C4996: 'strcpy': This function or variable may be unsafe. Consider using strcpy_s instead. To disable deprecation, use _CRT_SECURE_NO_WARNINGS. See online help for details.
  (compiling source file '/Source/MMatchServer_DuelTournament.cpp')
  
E:\2ITSOURCE2026\CSCommon\Include\MAsyncDBJob_DuelTournament.h(116,3): warning C4996: 'strcpy': This function or variable may be unsafe. Consider using strcpy_s instead. To disable deprecation, use _CRT_SECURE_NO_WARNINGS. See online help for details.
  (compiling source file '/Source/MMatchServer_DuelTournament.cpp')
  
E:\2ITSOURCE2026\CSCommon\Include\MAsyncDBJob_DuelTournament.h(141,3): warning C4996: 'strcpy': This function or variable may be unsafe. Consider using strcpy_s instead. To disable deprecation, use _CRT_SECURE_NO_WARNINGS. See online help for details.
  (compiling source file '/Source/MMatchServer_DuelTournament.cpp')
  
E:\2ITSOURCE2026\CSCommon\Include\MAsyncDBJob_DuelTournament.h(170,3): warning C4996: 'strcpy': This function or variable may be unsafe. Consider using strcpy_s instead. To disable deprecation, use _CRT_SECURE_NO_WARNINGS. See online help for details.
  (compiling source file '/Source/MMatchServer_DuelTournament.cpp')
  
E:\2ITSOURCE2026\CSCommon\Source\MMatchServer_DuelTournament.cpp(579,3): warning C4996: 'strcpy': This function or variable may be unsafe. Consider using strcpy_s instead. To disable deprecation, use _CRT_SECURE_NO_WARNINGS. See online help for details.
  (compiling source file '/Source/MMatchServer_DuelTournament.cpp')
  
  Generating Code...
  Compiling...
  MMatchServer_Item.cpp
E:\2ITSOURCE2026\CSCommon\Include\MAsyncDBJob.h(253,3): warning C4996: 'strcpy': This function or variable may be unsafe. Consider using strcpy_s instead. To disable deprecation, use _CRT_SECURE_NO_WARNINGS. See online help for details.
  (compiling source file '/Source/MMatchServer_Item.cpp')
  
E:\2ITSOURCE2026\CSCommon\Include\MAsyncDBJob.h(292,3): warning C4996: 'strcpy': This function or variable may be unsafe. Consider using strcpy_s instead. To disable deprecation, use _CRT_SECURE_NO_WARNINGS. See online help for details.
  (compiling source file '/Source/MMatchServer_Item.cpp')
  
  MMatchServer_Ladder.cpp
E:\2ITSOURCE2026\CSCommon\Include\MAsyncDBJob.h(253,3): warning C4996: 'strcpy': This function or variable may be unsafe. Consider using strcpy_s instead. To disable deprecation, use _CRT_SECURE_NO_WARNINGS. See online help for details.
  (compiling source file '/Source/MMatchServer_Ladder.cpp')
  
E:\2ITSOURCE2026\CSCommon\Include\MAsyncDBJob.h(292,3): warning C4996: 'strcpy': This function or variable may be unsafe. Consider using strcpy_s instead. To disable deprecation, use _CRT_SECURE_NO_WARNINGS. See online help for details.
  (compiling source file '/Source/MMatchServer_Ladder.cpp')
  
E:\2ITSOURCE2026\CSCommon\Source\MMatchServer_Ladder.cpp(465,2): warning C4996: 'strcpy': This function or variable may be unsafe. Consider using strcpy_s instead. To disable deprecation, use _CRT_SECURE_NO_WARNINGS. See online help for details.
  (compiling source file '/Source/MMatchServer_Ladder.cpp')
  
E:\2ITSOURCE2026\CSCommon\Source\MMatchServer_Ladder.cpp(470,3): warning C4996: 'strcpy': This function or variable may be unsafe. Consider using strcpy_s instead. To disable deprecation, use _CRT_SECURE_NO_WARNINGS. See online help for details.
  (compiling source file '/Source/MMatchServer_Ladder.cpp')
  
  MMatchServer_Login.cpp
E:\2ITSOURCE2026\CSCommon\Include\MAsyncDBJob.h(253,3): warning C4996: 'strcpy': This function or variable may be unsafe. Consider using strcpy_s instead. To disable deprecation, use _CRT_SECURE_NO_WARNINGS. See online help for details.
  (compiling source file '/Source/MMatchServer_Login.cpp')
  
E:\2ITSOURCE2026\CSCommon\Include\MAsyncDBJob.h(292,3): warning C4996: 'strcpy': This function or variable may be unsafe. Consider using strcpy_s instead. To disable deprecation, use _CRT_SECURE_NO_WARNINGS. See online help for details.
  (compiling source file '/Source/MMatchServer_Login.cpp')
  
E:\2ITSOURCE2026\RealSpace2\Include\rvector.h(4,9): warning C4005: 'ASSERT': macro redefinition
  (compiling source file '/Source/MMatchServer_Login.cpp')
      C:\Program Files\Microsoft Visual Studio\18\Community\VC\Tools\MSVC\14.44.35207\atlmfc\include\afx.h(370,9):
      see previous definition of 'ASSERT'
  
  MMatchServer_OnCommand.cpp
E:\2ITSOURCE2026\RealSpace2\Include\rvector.h(4,9): warning C4005: 'ASSERT': macro redefinition
  (compiling source file '/Source/MMatchServer_OnCommand.cpp')
      C:\Program Files\Microsoft Visual Studio\18\Community\VC\Tools\MSVC\14.44.35207\atlmfc\include\afx.h(370,9):
      see previous definition of 'ASSERT'
  
E:\2ITSOURCE2026\CSCommon\Source\MMatchServer_OnCommand.cpp(1222,1): warning C4067: unexpected tokens following preprocessor directive - expected a newline
  (compiling source file '/Source/MMatchServer_OnCommand.cpp')
  
E:\2ITSOURCE2026\CSCommon\Source\MMatchServer_OnCommand.cpp(1445,1): warning C4067: unexpected tokens following preprocessor directive - expected a newline
  (compiling source file '/Source/MMatchServer_OnCommand.cpp')
  
E:\2ITSOURCE2026\CSCommon\Source\MMatchServer_OnCommand.cpp(1486,6): warning C4996: 'strcpy': This function or variable may be unsafe. Consider using strcpy_s instead. To disable deprecation, use _CRT_SECURE_NO_WARNINGS. See online help for details.
  (compiling source file '/Source/MMatchServer_OnCommand.cpp')
  
E:\2ITSOURCE2026\CSCommon\Source\MMatchServer_OnCommand.cpp(1542,6): warning C4996: 'strcpy': This function or variable may be unsafe. Consider using strcpy_s instead. To disable deprecation, use _CRT_SECURE_NO_WARNINGS. See online help for details.
  (compiling source file '/Source/MMatchServer_OnCommand.cpp')
  
E:\2ITSOURCE2026\CSCommon\Source\MMatchServer_OnCommand.cpp(2219,8): warning C4996: 'sprintf': This function or variable may be unsafe. Consider using sprintf_s instead. To disable deprecation, use _CRT_SECURE_NO_WARNINGS. See online help for details.
  (compiling source file '/Source/MMatchServer_OnCommand.cpp')
  
E:\2ITSOURCE2026\CSCommon\Source\MMatchServer_OnCommand.cpp(2220,8): warning C4996: 'sprintf': This function or variable may be unsafe. Consider using sprintf_s instead. To disable deprecation, use _CRT_SECURE_NO_WARNINGS. See online help for details.
  (compiling source file '/Source/MMatchServer_OnCommand.cpp')
  
E:\2ITSOURCE2026\CSCommon\Source\MMatchServer_OnCommand.cpp(2242,8): warning C4996: 'sprintf': This function or variable may be unsafe. Consider using sprintf_s instead. To disable deprecation, use _CRT_SECURE_NO_WARNINGS. See online help for details.
  (compiling source file '/Source/MMatchServer_OnCommand.cpp')
  
E:\2ITSOURCE2026\CSCommon\Source\MMatchServer_OnCommand.cpp(2243,8): warning C4996: 'sprintf': This function or variable may be unsafe. Consider using sprintf_s instead. To disable deprecation, use _CRT_SECURE_NO_WARNINGS. See online help for details.
  (compiling source file '/Source/MMatchServer_OnCommand.cpp')
  
E:\2ITSOURCE2026\CSCommon\Source\MMatchServer_OnCommand.cpp(2265,8): warning C4996: 'sprintf': This function or variable may be unsafe. Consider using sprintf_s instead. To disable deprecation, use _CRT_SECURE_NO_WARNINGS. See online help for details.
  (compiling source file '/Source/MMatchServer_OnCommand.cpp')
  
E:\2ITSOURCE2026\CSCommon\Source\MMatchServer_OnCommand.cpp(2266,8): warning C4996: 'sprintf': This function or variable may be unsafe. Consider using sprintf_s instead. To disable deprecation, use _CRT_SECURE_NO_WARNINGS. See online help for details.
  (compiling source file '/Source/MMatchServer_OnCommand.cpp')
  
E:\2ITSOURCE2026\CSCommon\Source\MMatchServer_OnCommand.cpp(2275,8): warning C4996: 'sprintf': This function or variable may be unsafe. Consider using sprintf_s instead. To disable deprecation, use _CRT_SECURE_NO_WARNINGS. See online help for details.
  (compiling source file '/Source/MMatchServer_OnCommand.cpp')
  
E:\2ITSOURCE2026\CSCommon\Source\MMatchServer_OnCommand.cpp(2322,11): warning C4996: 'sprintf': This function or variable may be unsafe. Consider using sprintf_s instead. To disable deprecation, use _CRT_SECURE_NO_WARNINGS. See online help for details.
  (compiling source file '/Source/MMatchServer_OnCommand.cpp')
  
E:\2ITSOURCE2026\CSCommon\Source\MMatchServer_OnCommand.cpp(2695,6): warning C4996: 'sprintf': This function or variable may be unsafe. Consider using sprintf_s instead. To disable deprecation, use _CRT_SECURE_NO_WARNINGS. See online help for details.
  (compiling source file '/Source/MMatchServer_OnCommand.cpp')
  
E:\2ITSOURCE2026\CSCommon\Source\MMatchServer_OnCommand.cpp(2707,6): warning C4996: 'sprintf': This function or variable may be unsafe. Consider using sprintf_s instead. To disable deprecation, use _CRT_SECURE_NO_WARNINGS. See online help for details.
  (compiling source file '/Source/MMatchServer_OnCommand.cpp')
  
E:\2ITSOURCE2026\CSCommon\Source\MMatchServer_OnCommand.cpp(2613,10): warning C4101: 'pBlobArray': unreferenced local variable
  (compiling source file '/Source/MMatchServer_OnCommand.cpp')
  
  MMatchServer_Quest.cpp
E:\2ITSOURCE2026\CSCommon\Include\MAsyncDBJob.h(253,3): warning C4996: 'strcpy': This function or variable may be unsafe. Consider using strcpy_s instead. To disable deprecation, use _CRT_SECURE_NO_WARNINGS. See online help for details.
  (compiling source file '/Source/MMatchServer_Quest.cpp')
  
E:\2ITSOURCE2026\CSCommon\Include\MAsyncDBJob.h(292,3): warning C4996: 'strcpy': This function or variable may be unsafe. Consider using strcpy_s instead. To disable deprecation, use _CRT_SECURE_NO_WARNINGS. See online help for details.
  (compiling source file '/Source/MMatchServer_Quest.cpp')
  
  MMatchServer_Stage.cpp
E:\2ITSOURCE2026\CSCommon\Include\MAsyncDBJob.h(253,3): warning C4996: 'strcpy': This function or variable may be unsafe. Consider using strcpy_s instead. To disable deprecation, use _CRT_SECURE_NO_WARNINGS. See online help for details.
  (compiling source file '/Source/MMatchServer_Stage.cpp')
  
E:\2ITSOURCE2026\CSCommon\Include\MAsyncDBJob.h(292,3): warning C4996: 'strcpy': This function or variable may be unsafe. Consider using strcpy_s instead. To disable deprecation, use _CRT_SECURE_NO_WARNINGS. See online help for details.
  (compiling source file '/Source/MMatchServer_Stage.cpp')
  
E:\2ITSOURCE2026\CSCommon\Include\MMatchRuleDuel.h(37,1): warning C4067: unexpected tokens following preprocessor directive - expected a newline
  (compiling source file '/Source/MMatchServer_Stage.cpp')
  
E:\2ITSOURCE2026\CSCommon\Source\MMatchServer_Stage.cpp(385,2): warning C4996: 'sprintf': This function or variable may be unsafe. Consider using sprintf_s instead. To disable deprecation, use _CRT_SECURE_NO_WARNINGS. See online help for details.
  (compiling source file '/Source/MMatchServer_Stage.cpp')
  
E:\2ITSOURCE2026\CSCommon\Source\MMatchServer_Stage.cpp(615,1): warning C4067: unexpected tokens following preprocessor directive - expected a newline
  (compiling source file '/Source/MMatchServer_Stage.cpp')
  
E:\2ITSOURCE2026\CSCommon\Source\MMatchServer_Stage.cpp(1365,8): warning C4996: 'stricmp': The POSIX name for this item is deprecated. Instead, use the ISO C and C++ conformant name: _stricmp. See online help for details.
  (compiling source file '/Source/MMatchServer_Stage.cpp')
  
E:\2ITSOURCE2026\CSCommon\Source\MMatchServer_Stage.cpp(1373,12): warning C4996: 'stricmp': The POSIX name for this item is deprecated. Instead, use the ISO C and C++ conformant name: _stricmp. See online help for details.
  (compiling source file '/Source/MMatchServer_Stage.cpp')
  
E:\2ITSOURCE2026\CSCommon\Source\MMatchServer_Stage.cpp(1414,8): warning C4996: 'stricmp': The POSIX name for this item is deprecated. Instead, use the ISO C and C++ conformant name: _stricmp. See online help for details.
  (compiling source file '/Source/MMatchServer_Stage.cpp')
  
E:\2ITSOURCE2026\CSCommon\Source\MMatchServer_Stage.cpp(1416,5): warning C4996: 'sprintf': This function or variable may be unsafe. Consider using sprintf_s instead. To disable deprecation, use _CRT_SECURE_NO_WARNINGS. See online help for details.
  (compiling source file '/Source/MMatchServer_Stage.cpp')
  
E:\2ITSOURCE2026\CSCommon\Source\MMatchServer_Stage.cpp(1923,1): warning C4067: unexpected tokens following preprocessor directive - expected a newline
  (compiling source file '/Source/MMatchServer_Stage.cpp')
  
E:\2ITSOURCE2026\CSCommon\Source\MMatchServer_Stage.cpp(1934,1): warning C4067: unexpected tokens following preprocessor directive - expected a newline
  (compiling source file '/Source/MMatchServer_Stage.cpp')
  
E:\2ITSOURCE2026\CSCommon\Source\MMatchServer_Stage.cpp(1950,1): warning C4067: unexpected tokens following preprocessor directive - expected a newline
  (compiling source file '/Source/MMatchServer_Stage.cpp')
  
E:\2ITSOURCE2026\CSCommon\Source\MMatchServer_Stage.cpp(1964,1): warning C4067: unexpected tokens following preprocessor directive - expected a newline
  (compiling source file '/Source/MMatchServer_Stage.cpp')
  
E:\2ITSOURCE2026\CSCommon\Source\MMatchServer_Stage.cpp(1819,5): warning C4996: 'strcpy': This function or variable may be unsafe. Consider using strcpy_s instead. To disable deprecation, use _CRT_SECURE_NO_WARNINGS. See online help for details.
  (compiling source file '/Source/MMatchServer_Stage.cpp')
  
E:\2ITSOURCE2026\CSCommon\Source\MMatchServer_Stage.cpp(1830,6): warning C4996: 'strcpy': This function or variable may be unsafe. Consider using strcpy_s instead. To disable deprecation, use _CRT_SECURE_NO_WARNINGS. See online help for details.
  (compiling source file '/Source/MMatchServer_Stage.cpp')
  
E:\2ITSOURCE2026\CSCommon\Source\MMatchServer_Stage.cpp(1835,6): warning C4996: 'strcpy': This function or variable may be unsafe. Consider using strcpy_s instead. To disable deprecation, use _CRT_SECURE_NO_WARNINGS. See online help for details.
  (compiling source file '/Source/MMatchServer_Stage.cpp')
  
E:\2ITSOURCE2026\CSCommon\Source\MMatchServer_Stage.cpp(1843,6): warning C4996: 'strcpy': This function or variable may be unsafe. Consider using strcpy_s instead. To disable deprecation, use _CRT_SECURE_NO_WARNINGS. See online help for details.
  (compiling source file '/Source/MMatchServer_Stage.cpp')
  
E:\2ITSOURCE2026\CSCommon\Source\MMatchServer_Stage.cpp(1848,6): warning C4996: 'strcpy': This function or variable may be unsafe. Consider using strcpy_s instead. To disable deprecation, use _CRT_SECURE_NO_WARNINGS. See online help for details.
  (compiling source file '/Source/MMatchServer_Stage.cpp')
  
E:\2ITSOURCE2026\CSCommon\Source\MMatchServer_Stage.cpp(2040,4): warning C4996: 'strcpy': This function or variable may be unsafe. Consider using strcpy_s instead. To disable deprecation, use _CRT_SECURE_NO_WARNINGS. See online help for details.
  (compiling source file '/Source/MMatchServer_Stage.cpp')
  
E:\2ITSOURCE2026\CSCommon\Source\MMatchServer_Stage.cpp(2076,4): warning C4996: 'strcpy': This function or variable may be unsafe. Consider using strcpy_s instead. To disable deprecation, use _CRT_SECURE_NO_WARNINGS. See online help for details.
  (compiling source file '/Source/MMatchServer_Stage.cpp')
  
E:\2ITSOURCE2026\CSCommon\Source\MMatchServer_Stage.cpp(2216,1): warning C4067: unexpected tokens following preprocessor directive - expected a newline
  (compiling source file '/Source/MMatchServer_Stage.cpp')
  
E:\2ITSOURCE2026\CSCommon\Source\MMatchServer_Stage.cpp(2405,20): warning C4018: '<': signed/unsigned mismatch
  (compiling source file '/Source/MMatchServer_Stage.cpp')
  
E:\2ITSOURCE2026\CSCommon\Source\MMatchServer_Stage.cpp(2403,2): warning C4996: 'strcpy': This function or variable may be unsafe. Consider using strcpy_s instead. To disable deprecation, use _CRT_SECURE_NO_WARNINGS. See online help for details.
  (compiling source file '/Source/MMatchServer_Stage.cpp')
  
E:\2ITSOURCE2026\CSCommon\Source\MMatchServer_Stage.cpp(2490,2): warning C4996: 'sprintf': This function or variable may be unsafe. Consider using sprintf_s instead. To disable deprecation, use _CRT_SECURE_NO_WARNINGS. See online help for details.
  (compiling source file '/Source/MMatchServer_Stage.cpp')
  
E:\2ITSOURCE2026\CSCommon\Source\MMatchServer_Stage.cpp(2729,1): warning C4067: unexpected tokens following preprocessor directive - expected a newline
  (compiling source file '/Source/MMatchServer_Stage.cpp')
  
E:\2ITSOURCE2026\CSCommon\Source\MMatchServer_Stage.cpp(3435,3): warning C4996: 'strcpy': This function or variable may be unsafe. Consider using strcpy_s instead. To disable deprecation, use _CRT_SECURE_NO_WARNINGS. See online help for details.
  (compiling source file '/Source/MMatchServer_Stage.cpp')
  
E:\2ITSOURCE2026\CSCommon\Source\MMatchServer_Stage.cpp(3663,3): warning C4996: 'sprintf': This function or variable may be unsafe. Consider using sprintf_s instead. To disable deprecation, use _CRT_SECURE_NO_WARNINGS. See online help for details.
  (compiling source file '/Source/MMatchServer_Stage.cpp')
  
E:\2ITSOURCE2026\CSCommon\Source\MMatchServer_Stage.cpp(3678,4): warning C4996: 'sprintf': This function or variable may be unsafe. Consider using sprintf_s instead. To disable deprecation, use _CRT_SECURE_NO_WARNINGS. See online help for details.
  (compiling source file '/Source/MMatchServer_Stage.cpp')
  
E:\2ITSOURCE2026\CSCommon\Source\MMatchServer_Stage.cpp(3688,4): warning C4996: 'sprintf': This function or variable may be unsafe. Consider using sprintf_s instead. To disable deprecation, use _CRT_SECURE_NO_WARNINGS. See online help for details.
  (compiling source file '/Source/MMatchServer_Stage.cpp')
  
E:\2ITSOURCE2026\CSCommon\Source\MMatchServer_Stage.cpp(3699,3): warning C4996: 'sprintf': This function or variable may be unsafe. Consider using sprintf_s instead. To disable deprecation, use _CRT_SECURE_NO_WARNINGS. See online help for details.
  (compiling source file '/Source/MMatchServer_Stage.cpp')
  
E:\2ITSOURCE2026\CSCommon\Source\MMatchServer_Stage.cpp(3708,3): warning C4996: 'sprintf': This function or variable may be unsafe. Consider using sprintf_s instead. To disable deprecation, use _CRT_SECURE_NO_WARNINGS. See online help for details.
  (compiling source file '/Source/MMatchServer_Stage.cpp')
  
E:\2ITSOURCE2026\CSCommon\Source\MMatchServer_Stage.cpp(3715,3): warning C4996: 'sprintf': This function or variable may be unsafe. Consider using sprintf_s instead. To disable deprecation, use _CRT_SECURE_NO_WARNINGS. See online help for details.
  (compiling source file '/Source/MMatchServer_Stage.cpp')
  
E:\2ITSOURCE2026\CSCommon\Source\MMatchServer_Stage.cpp(3737,3): warning C4996: 'sprintf': This function or variable may be unsafe. Consider using sprintf_s instead. To disable deprecation, use _CRT_SECURE_NO_WARNINGS. See online help for details.
  (compiling source file '/Source/MMatchServer_Stage.cpp')
  
E:\2ITSOURCE2026\CSCommon\Source\MMatchServer_Stage.cpp(3757,3): warning C4996: 'sprintf': This function or variable may be unsafe. Consider using sprintf_s instead. To disable deprecation, use _CRT_SECURE_NO_WARNINGS. See online help for details.
  (compiling source file '/Source/MMatchServer_Stage.cpp')
  
E:\2ITSOURCE2026\CSCommon\Source\MMatchServer_Stage.cpp(3877,17): warning C4996: 'fopen': This function or variable may be unsafe. Consider using fopen_s instead. To disable deprecation, use _CRT_SECURE_NO_WARNINGS. See online help for details.
  (compiling source file '/Source/MMatchServer_Stage.cpp')
  
E:\2ITSOURCE2026\CSCommon\Source\MMatchServer_Stage.cpp(3881,4): warning C4996: '_strdate': This function or variable may be unsafe. Consider using _strdate_s instead. To disable deprecation, use _CRT_SECURE_NO_WARNINGS. See online help for details.
  (compiling source file '/Source/MMatchServer_Stage.cpp')
  
E:\2ITSOURCE2026\CSCommon\Source\MMatchServer_Stage.cpp(3882,4): warning C4996: '_strtime': This function or variable may be unsafe. Consider using _strtime_s instead. To disable deprecation, use _CRT_SECURE_NO_WARNINGS. See online help for details.
  (compiling source file '/Source/MMatchServer_Stage.cpp')
  
E:\2ITSOURCE2026\CSCommon\Source\MMatchServer_Stage.cpp(3978,16): warning C4996: 'fopen': This function or variable may be unsafe. Consider using fopen_s instead. To disable deprecation, use _CRT_SECURE_NO_WARNINGS. See online help for details.
  (compiling source file '/Source/MMatchServer_Stage.cpp')
  
E:\2ITSOURCE2026\CSCommon\Source\MMatchServer_Stage.cpp(3982,3): warning C4996: '_strdate': This function or variable may be unsafe. Consider using _strdate_s instead. To disable deprecation, use _CRT_SECURE_NO_WARNINGS. See online help for details.
  (compiling source file '/Source/MMatchServer_Stage.cpp')
  
E:\2ITSOURCE2026\CSCommon\Source\MMatchServer_Stage.cpp(3983,3): warning C4996: '_strtime': This function or variable may be unsafe. Consider using _strtime_s instead. To disable deprecation, use _CRT_SECURE_NO_WARNINGS. See online help for details.
  (compiling source file '/Source/MMatchServer_Stage.cpp')
  
E:\2ITSOURCE2026\CSCommon\Source\MMatchServer_Stage.cpp(4073,6): warning C4996: 'stricmp': The POSIX name for this item is deprecated. Instead, use the ISO C and C++ conformant name: _stricmp. See online help for details.
  (compiling source file '/Source/MMatchServer_Stage.cpp')
  
E:\2ITSOURCE2026\CSCommon\Source\MMatchServer_Stage.cpp(4090,3): warning C4996: 'sprintf': This function or variable may be unsafe. Consider using sprintf_s instead. To disable deprecation, use _CRT_SECURE_NO_WARNINGS. See online help for details.
  (compiling source file '/Source/MMatchServer_Stage.cpp')
  
E:\2ITSOURCE2026\CSCommon\Source\MMatchServer_Stage.cpp(4107,3): warning C4996: 'sprintf': This function or variable may be unsafe. Consider using sprintf_s instead. To disable deprecation, use _CRT_SECURE_NO_WARNINGS. See online help for details.
  (compiling source file '/Source/MMatchServer_Stage.cpp')
  
E:\2ITSOURCE2026\CSCommon\Source\MMatchServer_Stage.cpp(4137,3): warning C4996: 'sprintf': This function or variable may be unsafe. Consider using sprintf_s instead. To disable deprecation, use _CRT_SECURE_NO_WARNINGS. See online help for details.
  (compiling source file '/Source/MMatchServer_Stage.cpp')
  
E:\2ITSOURCE2026\CSCommon\Source\MMatchServer_Stage.cpp(4154,3): warning C4996: 'sprintf': This function or variable may be unsafe. Consider using sprintf_s instead. To disable deprecation, use _CRT_SECURE_NO_WARNINGS. See online help for details.
  (compiling source file '/Source/MMatchServer_Stage.cpp')
  
E:\2ITSOURCE2026\CSCommon\Source\MMatchServer_Stage.cpp(4180,2): warning C4996: 'sprintf': This function or variable may be unsafe. Consider using sprintf_s instead. To disable deprecation, use _CRT_SECURE_NO_WARNINGS. See online help for details.
  (compiling source file '/Source/MMatchServer_Stage.cpp')
  
E:\2ITSOURCE2026\CSCommon\Source\MMatchServer_Stage.cpp(4213,3): warning C4996: 'sprintf': This function or variable may be unsafe. Consider using sprintf_s instead. To disable deprecation, use _CRT_SECURE_NO_WARNINGS. See online help for details.
  (compiling source file '/Source/MMatchServer_Stage.cpp')
  
E:\2ITSOURCE2026\CSCommon\Source\MMatchServer_Stage.cpp(4232,3): warning C4996: 'sprintf': This function or variable may be unsafe. Consider using sprintf_s instead. To disable deprecation, use _CRT_SECURE_NO_WARNINGS. See online help for details.
  (compiling source file '/Source/MMatchServer_Stage.cpp')
  
E:\2ITSOURCE2026\CSCommon\Source\MMatchServer_Stage.cpp(4271,3): warning C4996: 'sprintf': This function or variable may be unsafe. Consider using sprintf_s instead. To disable deprecation, use _CRT_SECURE_NO_WARNINGS. See online help for details.
  (compiling source file '/Source/MMatchServer_Stage.cpp')
  
E:\2ITSOURCE2026\CSCommon\Source\MMatchServer_Stage.cpp(4294,3): warning C4996: 'sprintf': This function or variable may be unsafe. Consider using sprintf_s instead. To disable deprecation, use _CRT_SECURE_NO_WARNINGS. See online help for details.
  (compiling source file '/Source/MMatchServer_Stage.cpp')
  
  MMatchServer_Survival.cpp
E:\2ITSOURCE2026\CSCommon\Include\MAsyncDBJob.h(253,3): warning C4996: 'strcpy': This function or variable may be unsafe. Consider using strcpy_s instead. To disable deprecation, use _CRT_SECURE_NO_WARNINGS. See online help for details.
  (compiling source file '/MMatchServer_Survival.cpp')
  
E:\2ITSOURCE2026\CSCommon\Include\MAsyncDBJob.h(292,3): warning C4996: 'strcpy': This function or variable may be unsafe. Consider using strcpy_s instead. To disable deprecation, use _CRT_SECURE_NO_WARNINGS. See online help for details.
  (compiling source file '/MMatchServer_Survival.cpp')
  
E:\2ITSOURCE2026\CSCommon\Include\MAsyncDBJob_SurvivalMode.h(40,3): warning C4996: 'strcpy': This function or variable may be unsafe. Consider using strcpy_s instead. To disable deprecation, use _CRT_SECURE_NO_WARNINGS. See online help for details.
  (compiling source file '/MMatchServer_Survival.cpp')
  
  MMatchEvent.cpp
E:\2ITSOURCE2026\CSCommon\Include\MAsyncDBJob.h(253,3): warning C4996: 'strcpy': This function or variable may be unsafe. Consider using strcpy_s instead. To disable deprecation, use _CRT_SECURE_NO_WARNINGS. See online help for details.
  (compiling source file '/Source/MMatchEvent.cpp')
  
E:\2ITSOURCE2026\CSCommon\Include\MAsyncDBJob.h(292,3): warning C4996: 'strcpy': This function or variable may be unsafe. Consider using strcpy_s instead. To disable deprecation, use _CRT_SECURE_NO_WARNINGS. See online help for details.
  (compiling source file '/Source/MMatchEvent.cpp')
  
E:\2ITSOURCE2026\CSCommon\Source\MMatchEvent.cpp(283,8): warning C4996: 'stricmp': The POSIX name for this item is deprecated. Instead, use the ISO C and C++ conformant name: _stricmp. See online help for details.
  (compiling source file '/Source/MMatchEvent.cpp')
  
E:\2ITSOURCE2026\CSCommon\Source\MMatchEvent.cpp(320,8): warning C4996: 'stricmp': The POSIX name for this item is deprecated. Instead, use the ISO C and C++ conformant name: _stricmp. See online help for details.
  (compiling source file '/Source/MMatchEvent.cpp')
  
E:\2ITSOURCE2026\CSCommon\Source\MMatchEvent.cpp(344,12): warning C4996: 'stricmp': The POSIX name for this item is deprecated. Instead, use the ISO C and C++ conformant name: _stricmp. See online help for details.
  (compiling source file '/Source/MMatchEvent.cpp')
  
E:\2ITSOURCE2026\CSCommon\Source\MMatchEvent.cpp(350,12): warning C4996: 'stricmp': The POSIX name for this item is deprecated. Instead, use the ISO C and C++ conformant name: _stricmp. See online help for details.
  (compiling source file '/Source/MMatchEvent.cpp')
  
  MMatchEventFactory.cpp
E:\2ITSOURCE2026\CSCommon\MMatchEventFactory.cpp(285,8): warning C4996: 'stricmp': The POSIX name for this item is deprecated. Instead, use the ISO C and C++ conformant name: _stricmp. See online help for details.
  (compiling source file '/MMatchEventFactory.cpp')
  
E:\2ITSOURCE2026\CSCommon\MMatchEventFactory.cpp(323,8): warning C4996: 'stricmp': The POSIX name for this item is deprecated. Instead, use the ISO C and C++ conformant name: _stricmp. See online help for details.
  (compiling source file '/MMatchEventFactory.cpp')
  
E:\2ITSOURCE2026\CSCommon\MMatchEventFactory.cpp(344,12): warning C4996: 'stricmp': The POSIX name for this item is deprecated. Instead, use the ISO C and C++ conformant name: _stricmp. See online help for details.
  (compiling source file '/MMatchEventFactory.cpp')
  
E:\2ITSOURCE2026\CSCommon\MMatchEventFactory.cpp(416,15): warning C4996: 'stricmp': The POSIX name for this item is deprecated. Instead, use the ISO C and C++ conformant name: _stricmp. See online help for details.
  (compiling source file '/MMatchEventFactory.cpp')
  
E:\2ITSOURCE2026\CSCommon\MMatchEventFactory.cpp(455,12): warning C4996: 'stricmp': The POSIX name for this item is deprecated. Instead, use the ISO C and C++ conformant name: _stricmp. See online help for details.
  (compiling source file '/MMatchEventFactory.cpp')
  
E:\2ITSOURCE2026\CSCommon\MMatchEventFactory.cpp(462,12): warning C4996: 'stricmp': The POSIX name for this item is deprecated. Instead, use the ISO C and C++ conformant name: _stricmp. See online help for details.
  (compiling source file '/MMatchEventFactory.cpp')
  
E:\2ITSOURCE2026\CSCommon\MMatchEventFactory.cpp(475,12): warning C4996: 'stricmp': The POSIX name for this item is deprecated. Instead, use the ISO C and C++ conformant name: _stricmp. See online help for details.
  (compiling source file '/MMatchEventFactory.cpp')
  
E:\2ITSOURCE2026\CSCommon\MMatchEventFactory.cpp(481,12): warning C4996: 'stricmp': The POSIX name for this item is deprecated. Instead, use the ISO C and C++ conformant name: _stricmp. See online help for details.
  (compiling source file '/MMatchEventFactory.cpp')
  
E:\2ITSOURCE2026\CSCommon\MMatchEventFactory.cpp(487,12): warning C4996: 'stricmp': The POSIX name for this item is deprecated. Instead, use the ISO C and C++ conformant name: _stricmp. See online help for details.
  (compiling source file '/MMatchEventFactory.cpp')
  
E:\2ITSOURCE2026\CSCommon\MMatchEventFactory.cpp(493,12): warning C4996: 'stricmp': The POSIX name for this item is deprecated. Instead, use the ISO C and C++ conformant name: _stricmp. See online help for details.
  (compiling source file '/MMatchEventFactory.cpp')
  
E:\2ITSOURCE2026\CSCommon\MMatchEventFactory.cpp(499,12): warning C4996: 'stricmp': The POSIX name for this item is deprecated. Instead, use the ISO C and C++ conformant name: _stricmp. See online help for details.
  (compiling source file '/MMatchEventFactory.cpp')
  
E:\2ITSOURCE2026\CSCommon\MMatchEventFactory.cpp(505,12): warning C4996: 'stricmp': The POSIX name for this item is deprecated. Instead, use the ISO C and C++ conformant name: _stricmp. See online help for details.
  (compiling source file '/MMatchEventFactory.cpp')
  
E:\2ITSOURCE2026\CSCommon\MMatchEventFactory.cpp(511,12): warning C4996: 'stricmp': The POSIX name for this item is deprecated. Instead, use the ISO C and C++ conformant name: _stricmp. See online help for details.
  (compiling source file '/MMatchEventFactory.cpp')
  
E:\2ITSOURCE2026\CSCommon\MMatchEventFactory.cpp(517,12): warning C4996: 'stricmp': The POSIX name for this item is deprecated. Instead, use the ISO C and C++ conformant name: _stricmp. See online help for details.
  (compiling source file '/MMatchEventFactory.cpp')
  
E:\2ITSOURCE2026\CSCommon\MMatchEventFactory.cpp(537,12): warning C4996: 'stricmp': The POSIX name for this item is deprecated. Instead, use the ISO C and C++ conformant name: _stricmp. See online help for details.
  (compiling source file '/MMatchEventFactory.cpp')
  
E:\2ITSOURCE2026\CSCommon\MMatchEventFactory.cpp(543,12): warning C4996: 'stricmp': The POSIX name for this item is deprecated. Instead, use the ISO C and C++ conformant name: _stricmp. See online help for details.
  (compiling source file '/MMatchEventFactory.cpp')
  
E:\2ITSOURCE2026\CSCommon\MMatchEventFactory.cpp(549,12): warning C4996: 'stricmp': The POSIX name for this item is deprecated. Instead, use the ISO C and C++ conformant name: _stricmp. See online help for details.
  (compiling source file '/MMatchEventFactory.cpp')
  
E:\2ITSOURCE2026\CSCommon\MMatchEventFactory.cpp(555,12): warning C4996: 'stricmp': The POSIX name for this item is deprecated. Instead, use the ISO C and C++ conformant name: _stricmp. See online help for details.
  (compiling source file '/MMatchEventFactory.cpp')
  
E:\2ITSOURCE2026\CSCommon\MMatchEventFactory.cpp(561,12): warning C4996: 'stricmp': The POSIX name for this item is deprecated. Instead, use the ISO C and C++ conformant name: _stricmp. See online help for details.
  (compiling source file '/MMatchEventFactory.cpp')
  
E:\2ITSOURCE2026\CSCommon\MMatchEventFactory.cpp(649,12): warning C4996: 'stricmp': The POSIX name for this item is deprecated. Instead, use the ISO C and C++ conformant name: _stricmp. See online help for details.
  (compiling source file '/MMatchEventFactory.cpp')
  
E:\2ITSOURCE2026\CSCommon\MMatchEventFactory.cpp(655,12): warning C4996: 'stricmp': The POSIX name for this item is deprecated. Instead, use the ISO C and C++ conformant name: _stricmp. See online help for details.
  (compiling source file '/MMatchEventFactory.cpp')
  
E:\2ITSOURCE2026\CSCommon\MMatchEventFactory.cpp(676,12): warning C4996: 'stricmp': The POSIX name for this item is deprecated. Instead, use the ISO C and C++ conformant name: _stricmp. See online help for details.
  (compiling source file '/MMatchEventFactory.cpp')
  
E:\2ITSOURCE2026\CSCommon\MMatchEventFactory.cpp(682,12): warning C4996: 'stricmp': The POSIX name for this item is deprecated. Instead, use the ISO C and C++ conformant name: _stricmp. See online help for details.
  (compiling source file '/MMatchEventFactory.cpp')
  
E:\2ITSOURCE2026\CSCommon\MMatchEventFactory.cpp(704,12): warning C4996: 'stricmp': The POSIX name for this item is deprecated. Instead, use the ISO C and C++ conformant name: _stricmp. See online help for details.
  (compiling source file '/MMatchEventFactory.cpp')
  
E:\2ITSOURCE2026\CSCommon\MMatchEventFactory.cpp(710,12): warning C4996: 'stricmp': The POSIX name for this item is deprecated. Instead, use the ISO C and C++ conformant name: _stricmp. See online help for details.
  (compiling source file '/MMatchEventFactory.cpp')
  
E:\2ITSOURCE2026\CSCommon\MMatchEventFactory.cpp(716,12): warning C4996: 'stricmp': The POSIX name for this item is deprecated. Instead, use the ISO C and C++ conformant name: _stricmp. See online help for details.
  (compiling source file '/MMatchEventFactory.cpp')
  
E:\2ITSOURCE2026\CSCommon\MMatchEventFactory.cpp(722,12): warning C4996: 'stricmp': The POSIX name for this item is deprecated. Instead, use the ISO C and C++ conformant name: _stricmp. See online help for details.
  (compiling source file '/MMatchEventFactory.cpp')
  
E:\2ITSOURCE2026\CSCommon\MMatchEventFactory.cpp(749,12): warning C4996: 'stricmp': The POSIX name for this item is deprecated. Instead, use the ISO C and C++ conformant name: _stricmp. See online help for details.
  (compiling source file '/MMatchEventFactory.cpp')
  
E:\2ITSOURCE2026\CSCommon\MMatchEventFactory.cpp(755,12): warning C4996: 'stricmp': The POSIX name for this item is deprecated. Instead, use the ISO C and C++ conformant name: _stricmp. See online help for details.
  (compiling source file '/MMatchEventFactory.cpp')
  
  MMatchEventManager.cpp
  MMatchConfig.cpp
E:\2ITSOURCE2026\CSCommon\Source\MMatchConfig.cpp(12,9): warning C4005: '_AGENT_IP': macro redefinition
  (compiling source file '/Source/MMatchConfig.cpp')
      E:\2ITSOURCE2026\CSCommon\MFeatureDefine.h(86,9):
      see previous definition of '_AGENT_IP'
  
E:\2ITSOURCE2026\CSCommon\Source\MMatchConfig.cpp(135,7): warning C4996: 'stricmp': The POSIX name for this item is deprecated. Instead, use the ISO C and C++ conformant name: _stricmp. See online help for details.
  (compiling source file '/Source/MMatchConfig.cpp')
  
E:\2ITSOURCE2026\CSCommon\Source\MMatchConfig.cpp(136,12): warning C4996: 'stricmp': The POSIX name for this item is deprecated. Instead, use the ISO C and C++ conformant name: _stricmp. See online help for details.
  (compiling source file '/Source/MMatchConfig.cpp')
  
E:\2ITSOURCE2026\CSCommon\Source\MMatchConfig.cpp(137,12): warning C4996: 'stricmp': The POSIX name for this item is deprecated. Instead, use the ISO C and C++ conformant name: _stricmp. See online help for details.
  (compiling source file '/Source/MMatchConfig.cpp')
  
E:\2ITSOURCE2026\CSCommon\Source\MMatchConfig.cpp(138,12): warning C4996: 'stricmp': The POSIX name for this item is deprecated. Instead, use the ISO C and C++ conformant name: _stricmp. See online help for details.
  (compiling source file '/Source/MMatchConfig.cpp')
  
E:\2ITSOURCE2026\CSCommon\Source\MMatchConfig.cpp(139,12): warning C4996: 'stricmp': The POSIX name for this item is deprecated. Instead, use the ISO C and C++ conformant name: _stricmp. See online help for details.
  (compiling source file '/Source/MMatchConfig.cpp')
  
E:\2ITSOURCE2026\CSCommon\Source\MMatchConfig.cpp(206,11): warning C4996: 'stricmp': The POSIX name for this item is deprecated. Instead, use the ISO C and C++ conformant name: _stricmp. See online help for details.
  (compiling source file '/Source/MMatchConfig.cpp')
  
E:\2ITSOURCE2026\CSCommon\Source\MMatchConfig.cpp(296,11): warning C4996: 'stricmp': The POSIX name for this item is deprecated. Instead, use the ISO C and C++ conformant name: _stricmp. See online help for details.
  (compiling source file '/Source/MMatchConfig.cpp')
  
E:\2ITSOURCE2026\CSCommon\Source\MMatchConfig.cpp(301,16): warning C4996: 'stricmp': The POSIX name for this item is deprecated. Instead, use the ISO C and C++ conformant name: _stricmp. See online help for details.
  (compiling source file '/Source/MMatchConfig.cpp')
  
E:\2ITSOURCE2026\CSCommon\Source\MMatchConfig.cpp(339,11): warning C4996: 'stricmp': The POSIX name for this item is deprecated. Instead, use the ISO C and C++ conformant name: _stricmp. See online help for details.
  (compiling source file '/Source/MMatchConfig.cpp')
  
E:\2ITSOURCE2026\CSCommon\Source\MMatchConfig.cpp(347,11): warning C4996: 'stricmp': The POSIX name for this item is deprecated. Instead, use the ISO C and C++ conformant name: _stricmp. See online help for details.
  (compiling source file '/Source/MMatchConfig.cpp')
  
E:\2ITSOURCE2026\CSCommon\Source\MMatchConfig.cpp(355,11): warning C4996: 'stricmp': The POSIX name for this item is deprecated. Instead, use the ISO C and C++ conformant name: _stricmp. See online help for details.
  (compiling source file '/Source/MMatchConfig.cpp')
  
E:\2ITSOURCE2026\CSCommon\Source\MMatchConfig.cpp(363,11): warning C4996: 'stricmp': The POSIX name for this item is deprecated. Instead, use the ISO C and C++ conformant name: _stricmp. See online help for details.
  (compiling source file '/Source/MMatchConfig.cpp')
  
E:\2ITSOURCE2026\CSCommon\Source\MMatchConfig.cpp(371,11): warning C4996: 'stricmp': The POSIX name for this item is deprecated. Instead, use the ISO C and C++ conformant name: _stricmp. See online help for details.
  (compiling source file '/Source/MMatchConfig.cpp')
  
E:\2ITSOURCE2026\CSCommon\Source\MMatchConfig.cpp(379,11): warning C4996: 'stricmp': The POSIX name for this item is deprecated. Instead, use the ISO C and C++ conformant name: _stricmp. See online help for details.
  (compiling source file '/Source/MMatchConfig.cpp')
  
E:\2ITSOURCE2026\CSCommon\Source\MMatchConfig.cpp(394,11): warning C4996: 'stricmp': The POSIX name for this item is deprecated. Instead, use the ISO C and C++ conformant name: _stricmp. See online help for details.
  (compiling source file '/Source/MMatchConfig.cpp')
  
E:\2ITSOURCE2026\CSCommon\Source\MMatchConfig.cpp(405,11): warning C4996: 'stricmp': The POSIX name for this item is deprecated. Instead, use the ISO C and C++ conformant name: _stricmp. See online help for details.
  (compiling source file '/Source/MMatchConfig.cpp')
  
E:\2ITSOURCE2026\CSCommon\Source\MMatchConfig.cpp(418,11): warning C4996: 'stricmp': The POSIX name for this item is deprecated. Instead, use the ISO C and C++ conformant name: _stricmp. See online help for details.
  (compiling source file '/Source/MMatchConfig.cpp')
  
E:\2ITSOURCE2026\CSCommon\Source\MMatchConfig.cpp(455,21): warning C4996: 'inet_addr': Use inet_pton() or InetPton() instead or define _WINSOCK_DEPRECATED_NO_WARNINGS to disable deprecated API warnings
  (compiling source file '/Source/MMatchConfig.cpp')
  
E:\2ITSOURCE2026\CSCommon\Source\MMatchConfig.cpp(498,6): warning C4996: 'stricmp': The POSIX name for this item is deprecated. Instead, use the ISO C and C++ conformant name: _stricmp. See online help for details.
  (compiling source file '/Source/MMatchConfig.cpp')
  
E:\2ITSOURCE2026\CSCommon\Source\MMatchConfig.cpp(567,10): warning C4996: 'strtok': This function or variable may be unsafe. Consider using strtok_s instead. To disable deprecation, use _CRT_SECURE_NO_WARNINGS. See online help for details.
  (compiling source file '/Source/MMatchConfig.cpp')
  
E:\2ITSOURCE2026\CSCommon\Source\MMatchConfig.cpp(576,9): warning C4996: 'stricmp': The POSIX name for this item is deprecated. Instead, use the ISO C and C++ conformant name: _stricmp. See online help for details.
  (compiling source file '/Source/MMatchConfig.cpp')
  
E:\2ITSOURCE2026\CSCommon\Source\MMatchConfig.cpp(589,11): warning C4996: 'strtok': This function or variable may be unsafe. Consider using strtok_s instead. To disable deprecation, use _CRT_SECURE_NO_WARNINGS. See online help for details.
  (compiling source file '/Source/MMatchConfig.cpp')
  
E:\2ITSOURCE2026\CSCommon\Source\MMatchConfig.cpp(614,4): warning C4996: 'strcpy': This function or variable may be unsafe. Consider using strcpy_s instead. To disable deprecation, use _CRT_SECURE_NO_WARNINGS. See online help for details.
  (compiling source file '/Source/MMatchConfig.cpp')
  
E:\2ITSOURCE2026\CSCommon\Source\MMatchConfig.cpp(632,2): warning C4996: 'strcpy': This function or variable may be unsafe. Consider using strcpy_s instead. To disable deprecation, use _CRT_SECURE_NO_WARNINGS. See online help for details.
  (compiling source file '/Source/MMatchConfig.cpp')
  
  MAsyncDBJob.cpp
E:\2ITSOURCE2026\CSCommon\Include\MAsyncDBJob.h(253,3): warning C4996: 'strcpy': This function or variable may be unsafe. Consider using strcpy_s instead. To disable deprecation, use _CRT_SECURE_NO_WARNINGS. See online help for details.
  (compiling source file '/Source/MAsyncDBJob.cpp')
  
E:\2ITSOURCE2026\CSCommon\Include\MAsyncDBJob.h(292,3): warning C4996: 'strcpy': This function or variable may be unsafe. Consider using strcpy_s instead. To disable deprecation, use _CRT_SECURE_NO_WARNINGS. See online help for details.
  (compiling source file '/Source/MAsyncDBJob.cpp')
  
E:\2ITSOURCE2026\CSCommon\Source\MAsyncDBJob.cpp(12,2): warning C4996: 'sprintf': This function or variable may be unsafe. Consider using sprintf_s instead. To disable deprecation, use _CRT_SECURE_NO_WARNINGS. See online help for details.
  (compiling source file '/Source/MAsyncDBJob.cpp')
  
E:\2ITSOURCE2026\CSCommon\Source\MAsyncDBJob.cpp(53,2): warning C4996: 'sprintf': This function or variable may be unsafe. Consider using sprintf_s instead. To disable deprecation, use _CRT_SECURE_NO_WARNINGS. See online help for details.
  (compiling source file '/Source/MAsyncDBJob.cpp')
  
E:\2ITSOURCE2026\CSCommon\Source\MAsyncDBJob.cpp(280,2): warning C4996: 'strcpy': This function or variable may be unsafe. Consider using strcpy_s instead. To disable deprecation, use _CRT_SECURE_NO_WARNINGS. See online help for details.
  (compiling source file '/Source/MAsyncDBJob.cpp')
  
E:\2ITSOURCE2026\CSCommon\Source\MAsyncDBJob.cpp(281,2): warning C4996: 'strcpy': This function or variable may be unsafe. Consider using strcpy_s instead. To disable deprecation, use _CRT_SECURE_NO_WARNINGS. See online help for details.
  (compiling source file '/Source/MAsyncDBJob.cpp')
  
E:\2ITSOURCE2026\CSCommon\Source\MAsyncDBJob.cpp(329,2): warning C4996: 'strcpy': This function or variable may be unsafe. Consider using strcpy_s instead. To disable deprecation, use _CRT_SECURE_NO_WARNINGS. See online help for details.
  (compiling source file '/Source/MAsyncDBJob.cpp')
  
E:\2ITSOURCE2026\CSCommon\Source\MAsyncDBJob.cpp(369,2): warning C4996: 'strcpy': This function or variable may be unsafe. Consider using strcpy_s instead. To disable deprecation, use _CRT_SECURE_NO_WARNINGS. See online help for details.
  (compiling source file '/Source/MAsyncDBJob.cpp')
  
E:\2ITSOURCE2026\CSCommon\Source\MAsyncDBJob.cpp(399,2): warning C4996: 'strcpy': This function or variable may be unsafe. Consider using strcpy_s instead. To disable deprecation, use _CRT_SECURE_NO_WARNINGS. See online help for details.
  (compiling source file '/Source/MAsyncDBJob.cpp')
  
E:\2ITSOURCE2026\CSCommon\Source\MAsyncDBJob.cpp(535,2): warning C4996: 'strcpy': This function or variable may be unsafe. Consider using strcpy_s instead. To disable deprecation, use _CRT_SECURE_NO_WARNINGS. See online help for details.
  (compiling source file '/Source/MAsyncDBJob.cpp')
  
E:\2ITSOURCE2026\CSCommon\Source\MAsyncDBJob.cpp(593,16): warning C4101: 'i': unreferenced local variable
  (compiling source file '/Source/MAsyncDBJob.cpp')
  
E:\2ITSOURCE2026\CSCommon\Source\MAsyncDBJob.cpp(580,6): warning C4101: 'nQGLID': unreferenced local variable
  (compiling source file '/Source/MAsyncDBJob.cpp')
  
  MAsyncDBJob_BuyQuestItem.cpp
E:\2ITSOURCE2026\CSCommon\Include\MAsyncDBJob.h(253,3): warning C4996: 'strcpy': This function or variable may be unsafe. Consider using strcpy_s instead. To disable deprecation, use _CRT_SECURE_NO_WARNINGS. See online help for details.
  (compiling source file '/Source/MAsyncDBJob_BuyQuestItem.cpp')
  
E:\2ITSOURCE2026\CSCommon\Include\MAsyncDBJob.h(292,3): warning C4996: 'strcpy': This function or variable may be unsafe. Consider using strcpy_s instead. To disable deprecation, use _CRT_SECURE_NO_WARNINGS. See online help for details.
  (compiling source file '/Source/MAsyncDBJob_BuyQuestItem.cpp')
  
  MAsyncDBJob_CharFinalize.cpp
E:\2ITSOURCE2026\CSCommon\Include\MAsyncDBJob.h(253,3): warning C4996: 'strcpy': This function or variable may be unsafe. Consider using strcpy_s instead. To disable deprecation, use _CRT_SECURE_NO_WARNINGS. See online help for details.
  (compiling source file '/Source/MAsyncDBJob_CharFinalize.cpp')
  
E:\2ITSOURCE2026\CSCommon\Include\MAsyncDBJob.h(292,3): warning C4996: 'strcpy': This function or variable may be unsafe. Consider using strcpy_s instead. To disable deprecation, use _CRT_SECURE_NO_WARNINGS. See online help for details.
  (compiling source file '/Source/MAsyncDBJob_CharFinalize.cpp')
  
  MAsyncDBJob_CountryFilter.cpp
E:\2ITSOURCE2026\CSCommon\Include\MAsyncDBJob.h(253,3): warning C4996: 'strcpy': This function or variable may be unsafe. Consider using strcpy_s instead. To disable deprecation, use _CRT_SECURE_NO_WARNINGS. See online help for details.
  (compiling source file '/Source/MAsyncDBJob_CountryFilter.cpp')
  
E:\2ITSOURCE2026\CSCommon\Include\MAsyncDBJob.h(292,3): warning C4996: 'strcpy': This function or variable may be unsafe. Consider using strcpy_s instead. To disable deprecation, use _CRT_SECURE_NO_WARNINGS. See online help for details.
  (compiling source file '/Source/MAsyncDBJob_CountryFilter.cpp')
  
  MAsyncDBJob_DuelTournament.cpp
E:\2ITSOURCE2026\CSCommon\Include\MAsyncDBJob.h(253,3): warning C4996: 'strcpy': This function or variable may be unsafe. Consider using strcpy_s instead. To disable deprecation, use _CRT_SECURE_NO_WARNINGS. See online help for details.
  (compiling source file '/Source/MAsyncDBJob_DuelTournament.cpp')
  
E:\2ITSOURCE2026\CSCommon\Include\MAsyncDBJob.h(292,3): warning C4996: 'strcpy': This function or variable may be unsafe. Consider using strcpy_s instead. To disable deprecation, use _CRT_SECURE_NO_WARNINGS. See online help for details.
  (compiling source file '/Source/MAsyncDBJob_DuelTournament.cpp')
  
E:\2ITSOURCE2026\CSCommon\Include\MAsyncDBJob_DuelTournament.h(116,3): warning C4996: 'strcpy': This function or variable may be unsafe. Consider using strcpy_s instead. To disable deprecation, use _CRT_SECURE_NO_WARNINGS. See online help for details.
  (compiling source file '/Source/MAsyncDBJob_DuelTournament.cpp')
  
E:\2ITSOURCE2026\CSCommon\Include\MAsyncDBJob_DuelTournament.h(141,3): warning C4996: 'strcpy': This function or variable may be unsafe. Consider using strcpy_s instead. To disable deprecation, use _CRT_SECURE_NO_WARNINGS. See online help for details.
  (compiling source file '/Source/MAsyncDBJob_DuelTournament.cpp')
  
E:\2ITSOURCE2026\CSCommon\Include\MAsyncDBJob_DuelTournament.h(170,3): warning C4996: 'strcpy': This function or variable may be unsafe. Consider using strcpy_s instead. To disable deprecation, use _CRT_SECURE_NO_WARNINGS. See online help for details.
  (compiling source file '/Source/MAsyncDBJob_DuelTournament.cpp')
  
  MAsyncDBJob_Event.cpp
E:\2ITSOURCE2026\CSCommon\Include\MAsyncDBJob.h(253,3): warning C4996: 'strcpy': This function or variable may be unsafe. Consider using strcpy_s instead. To disable deprecation, use _CRT_SECURE_NO_WARNINGS. See online help for details.
  (compiling source file '/Source/MAsyncDBJob_Event.cpp')
  
E:\2ITSOURCE2026\CSCommon\Include\MAsyncDBJob.h(292,3): warning C4996: 'strcpy': This function or variable may be unsafe. Consider using strcpy_s instead. To disable deprecation, use _CRT_SECURE_NO_WARNINGS. See online help for details.
  (compiling source file '/Source/MAsyncDBJob_Event.cpp')
  
  MAsyncDBJob_FriendList.cpp
E:\2ITSOURCE2026\CSCommon\Include\MAsyncDBJob.h(253,3): warning C4996: 'strcpy': This function or variable may be unsafe. Consider using strcpy_s instead. To disable deprecation, use _CRT_SECURE_NO_WARNINGS. See online help for details.
  (compiling source file '/Source/MAsyncDBJob_FriendList.cpp')
  
E:\2ITSOURCE2026\CSCommon\Include\MAsyncDBJob.h(292,3): warning C4996: 'strcpy': This function or variable may be unsafe. Consider using strcpy_s instead. To disable deprecation, use _CRT_SECURE_NO_WARNINGS. See online help for details.
  (compiling source file '/Source/MAsyncDBJob_FriendList.cpp')
  
  MAsyncDBJob_GetAccountItemList.cpp
E:\2ITSOURCE2026\CSCommon\Include\MAsyncDBJob.h(253,3): warning C4996: 'strcpy': This function or variable may be unsafe. Consider using strcpy_s instead. To disable deprecation, use _CRT_SECURE_NO_WARNINGS. See online help for details.
  (compiling source file '/MAsyncDBJob_GetAccountItemList.cpp')
  
E:\2ITSOURCE2026\CSCommon\Include\MAsyncDBJob.h(292,3): warning C4996: 'strcpy': This function or variable may be unsafe. Consider using strcpy_s instead. To disable deprecation, use _CRT_SECURE_NO_WARNINGS. See online help for details.
  (compiling source file '/MAsyncDBJob_GetAccountItemList.cpp')
  
  MAsyncDBJob_GetBRDescription.cpp
E:\2ITSOURCE2026\CSCommon\Include\MAsyncDBJob.h(253,3): warning C4996: 'strcpy': This function or variable may be unsafe. Consider using strcpy_s instead. To disable deprecation, use _CRT_SECURE_NO_WARNINGS. See online help for details.
  (compiling source file '/Source/MAsyncDBJob_GetBRDescription.cpp')
  
E:\2ITSOURCE2026\CSCommon\Include\MAsyncDBJob.h(292,3): warning C4996: 'strcpy': This function or variable may be unsafe. Consider using strcpy_s instead. To disable deprecation, use _CRT_SECURE_NO_WARNINGS. See online help for details.
  (compiling source file '/Source/MAsyncDBJob_GetBRDescription.cpp')
  
  Generating Code...
E:\2ITSOURCE2026\CSCommon\Source\MMatchServer_Stage.cpp(4549,1): warning C4700: uninitialized local variable 'outBestTime' used
  Compiling...
  MAsyncDBJob_GetLoginInfo.cpp
E:\2ITSOURCE2026\CSCommon\Include\MAsyncDBJob.h(253,3): warning C4996: 'strcpy': This function or variable may be unsafe. Consider using strcpy_s instead. To disable deprecation, use _CRT_SECURE_NO_WARNINGS. See online help for details.
  (compiling source file '/Source/MAsyncDBJob_GetLoginInfo.cpp')
  
E:\2ITSOURCE2026\CSCommon\Include\MAsyncDBJob.h(292,3): warning C4996: 'strcpy': This function or variable may be unsafe. Consider using strcpy_s instead. To disable deprecation, use _CRT_SECURE_NO_WARNINGS. See online help for details.
  (compiling source file '/Source/MAsyncDBJob_GetLoginInfo.cpp')
  
E:\2ITSOURCE2026\CSCommon\Source\MAsyncDBJob_GetLoginInfo.cpp(96,2): warning C4996: 'strcpy': This function or variable may be unsafe. Consider using strcpy_s instead. To disable deprecation, use _CRT_SECURE_NO_WARNINGS. See online help for details.
  (compiling source file '/Source/MAsyncDBJob_GetLoginInfo.cpp')
  
E:\2ITSOURCE2026\CSCommon\Source\MAsyncDBJob_GetLoginInfo.cpp(97,2): warning C4996: 'strcpy': This function or variable may be unsafe. Consider using strcpy_s instead. To disable deprecation, use _CRT_SECURE_NO_WARNINGS. See online help for details.
  (compiling source file '/Source/MAsyncDBJob_GetLoginInfo.cpp')
  
E:\2ITSOURCE2026\CSCommon\Source\MAsyncDBJob_GetLoginInfo.cpp(98,2): warning C4996: 'strcpy': This function or variable may be unsafe. Consider using strcpy_s instead. To disable deprecation, use _CRT_SECURE_NO_WARNINGS. See online help for details.
  (compiling source file '/Source/MAsyncDBJob_GetLoginInfo.cpp')
  
E:\2ITSOURCE2026\CSCommon\Source\MAsyncDBJob_GetLoginInfo.cpp(99,2): warning C4996: 'strcpy': This function or variable may be unsafe. Consider using strcpy_s instead. To disable deprecation, use _CRT_SECURE_NO_WARNINGS. See online help for details.
  (compiling source file '/Source/MAsyncDBJob_GetLoginInfo.cpp')
  
E:\2ITSOURCE2026\CSCommon\Source\MAsyncDBJob_GetLoginInfo.cpp(105,2): warning C4996: 'strcpy': This function or variable may be unsafe. Consider using strcpy_s instead. To disable deprecation, use _CRT_SECURE_NO_WARNINGS. See online help for details.
  (compiling source file '/Source/MAsyncDBJob_GetLoginInfo.cpp')
  
  MAsyncDBJob_InsertCharBRInfo.cpp
E:\2ITSOURCE2026\CSCommon\Include\MAsyncDBJob.h(253,3): warning C4996: 'strcpy': This function or variable may be unsafe. Consider using strcpy_s instead. To disable deprecation, use _CRT_SECURE_NO_WARNINGS. See online help for details.
  (compiling source file '/Source/MAsyncDBJob_InsertCharBRInfo.cpp')
  
E:\2ITSOURCE2026\CSCommon\Include\MAsyncDBJob.h(292,3): warning C4996: 'strcpy': This function or variable may be unsafe. Consider using strcpy_s instead. To disable deprecation, use _CRT_SECURE_NO_WARNINGS. See online help for details.
  (compiling source file '/Source/MAsyncDBJob_InsertCharBRInfo.cpp')
  
  MAsyncDBJob_InsertConnLog.cpp
E:\2ITSOURCE2026\CSCommon\Include\MAsyncDBJob.h(253,3): warning C4996: 'strcpy': This function or variable may be unsafe. Consider using strcpy_s instead. To disable deprecation, use _CRT_SECURE_NO_WARNINGS. See online help for details.
  (compiling source file '/Source/MAsyncDBJob_InsertConnLog.cpp')
  
E:\2ITSOURCE2026\CSCommon\Include\MAsyncDBJob.h(292,3): warning C4996: 'strcpy': This function or variable may be unsafe. Consider using strcpy_s instead. To disable deprecation, use _CRT_SECURE_NO_WARNINGS. See online help for details.
  (compiling source file '/Source/MAsyncDBJob_InsertConnLog.cpp')
  
E:\2ITSOURCE2026\CSCommon\Source\MAsyncDBJob_InsertConnLog.cpp(17,2): warning C4996: 'strcpy': This function or variable may be unsafe. Consider using strcpy_s instead. To disable deprecation, use _CRT_SECURE_NO_WARNINGS. See online help for details.
  (compiling source file '/Source/MAsyncDBJob_InsertConnLog.cpp')
  
  MAsyncDBJob_InsertGamePlayerLog.cpp
E:\2ITSOURCE2026\CSCommon\Include\MAsyncDBJob.h(253,3): warning C4996: 'strcpy': This function or variable may be unsafe. Consider using strcpy_s instead. To disable deprecation, use _CRT_SECURE_NO_WARNINGS. See online help for details.
  (compiling source file '/Source/MAsyncDBJob_InsertGamePlayerLog.cpp')
  
E:\2ITSOURCE2026\CSCommon\Include\MAsyncDBJob.h(292,3): warning C4996: 'strcpy': This function or variable may be unsafe. Consider using strcpy_s instead. To disable deprecation, use _CRT_SECURE_NO_WARNINGS. See online help for details.
  (compiling source file '/Source/MAsyncDBJob_InsertGamePlayerLog.cpp')
  
  MAsyncDBJob_RewardCharBR.cpp
E:\2ITSOURCE2026\CSCommon\Include\MAsyncDBJob.h(253,3): warning C4996: 'strcpy': This function or variable may be unsafe. Consider using strcpy_s instead. To disable deprecation, use _CRT_SECURE_NO_WARNINGS. See online help for details.
  (compiling source file '/Source/MAsyncDBJob_RewardCharBR.cpp')
  
E:\2ITSOURCE2026\CSCommon\Include\MAsyncDBJob.h(292,3): warning C4996: 'strcpy': This function or variable may be unsafe. Consider using strcpy_s instead. To disable deprecation, use _CRT_SECURE_NO_WARNINGS. See online help for details.
  (compiling source file '/Source/MAsyncDBJob_RewardCharBR.cpp')
  
  MAsyncDBJob_SurvivalMode.cpp
E:\2ITSOURCE2026\CSCommon\Include\MAsyncDBJob.h(253,3): warning C4996: 'strcpy': This function or variable may be unsafe. Consider using strcpy_s instead. To disable deprecation, use _CRT_SECURE_NO_WARNINGS. See online help for details.
  (compiling source file '/Source/MAsyncDBJob_SurvivalMode.cpp')
  
E:\2ITSOURCE2026\CSCommon\Include\MAsyncDBJob.h(292,3): warning C4996: 'strcpy': This function or variable may be unsafe. Consider using strcpy_s instead. To disable deprecation, use _CRT_SECURE_NO_WARNINGS. See online help for details.
  (compiling source file '/Source/MAsyncDBJob_SurvivalMode.cpp')
  
E:\2ITSOURCE2026\CSCommon\Include\MAsyncDBJob_SurvivalMode.h(40,3): warning C4996: 'strcpy': This function or variable may be unsafe. Consider using strcpy_s instead. To disable deprecation, use _CRT_SECURE_NO_WARNINGS. See online help for details.
  (compiling source file '/Source/MAsyncDBJob_SurvivalMode.cpp')
  
  MAsyncDBJob_UpdateCharBRInfo.cpp
E:\2ITSOURCE2026\CSCommon\Include\MAsyncDBJob.h(253,3): warning C4996: 'strcpy': This function or variable may be unsafe. Consider using strcpy_s instead. To disable deprecation, use _CRT_SECURE_NO_WARNINGS. See online help for details.
  (compiling source file '/Source/MAsyncDBJob_UpdateCharBRInfo.cpp')
  
E:\2ITSOURCE2026\CSCommon\Include\MAsyncDBJob.h(292,3): warning C4996: 'strcpy': This function or variable may be unsafe. Consider using strcpy_s instead. To disable deprecation, use _CRT_SECURE_NO_WARNINGS. See online help for details.
  (compiling source file '/Source/MAsyncDBJob_UpdateCharBRInfo.cpp')
  
  MAsyncDBJob_UpdateCharInfoData.cpp
E:\2ITSOURCE2026\CSCommon\Include\MAsyncDBJob.h(253,3): warning C4996: 'strcpy': This function or variable may be unsafe. Consider using strcpy_s instead. To disable deprecation, use _CRT_SECURE_NO_WARNINGS. See online help for details.
  (compiling source file '/Source/MAsyncDBJob_UpdateCharInfoData.cpp')
  
E:\2ITSOURCE2026\CSCommon\Include\MAsyncDBJob.h(292,3): warning C4996: 'strcpy': This function or variable may be unsafe. Consider using strcpy_s instead. To disable deprecation, use _CRT_SECURE_NO_WARNINGS. See online help for details.
  (compiling source file '/Source/MAsyncDBJob_UpdateCharInfoData.cpp')
  
  MAsyncDBJob_UpdateCharItemInfoData.cpp
E:\2ITSOURCE2026\CSCommon\Include\MAsyncDBJob.h(253,3): warning C4996: 'strcpy': This function or variable may be unsafe. Consider using strcpy_s instead. To disable deprecation, use _CRT_SECURE_NO_WARNINGS. See online help for details.
  (compiling source file '/Source/MAsyncDBJob_UpdateCharItemInfoData.cpp')
  
E:\2ITSOURCE2026\CSCommon\Include\MAsyncDBJob.h(292,3): warning C4996: 'strcpy': This function or variable may be unsafe. Consider using strcpy_s instead. To disable deprecation, use _CRT_SECURE_NO_WARNINGS. See online help for details.
  (compiling source file '/Source/MAsyncDBJob_UpdateCharItemInfoData.cpp')
  
  MAsyncDBJob_WinTheClanGame.cpp
E:\2ITSOURCE2026\CSCommon\Include\MAsyncDBJob.h(253,3): warning C4996: 'strcpy': This function or variable may be unsafe. Consider using strcpy_s instead. To disable deprecation, use _CRT_SECURE_NO_WARNINGS. See online help for details.
  (compiling source file '/Source/MAsyncDBJob_WinTheClanGame.cpp')
  
E:\2ITSOURCE2026\CSCommon\Include\MAsyncDBJob.h(292,3): warning C4996: 'strcpy': This function or variable may be unsafe. Consider using strcpy_s instead. To disable deprecation, use _CRT_SECURE_NO_WARNINGS. See online help for details.
  (compiling source file '/Source/MAsyncDBJob_WinTheClanGame.cpp')
  
E:\2ITSOURCE2026\CSCommon\Source\MAsyncDBJob_WinTheClanGame.cpp(47,2): warning C4996: 'strcpy': This function or variable may be unsafe. Consider using strcpy_s instead. To disable deprecation, use _CRT_SECURE_NO_WARNINGS. See online help for details.
  (compiling source file '/Source/MAsyncDBJob_WinTheClanGame.cpp')
  
E:\2ITSOURCE2026\CSCommon\Source\MAsyncDBJob_WinTheClanGame.cpp(48,2): warning C4996: 'strcpy': This function or variable may be unsafe. Consider using strcpy_s instead. To disable deprecation, use _CRT_SECURE_NO_WARNINGS. See online help for details.
  (compiling source file '/Source/MAsyncDBJob_WinTheClanGame.cpp')
  
E:\2ITSOURCE2026\CSCommon\Source\MAsyncDBJob_WinTheClanGame.cpp(49,2): warning C4996: 'strcpy': This function or variable may be unsafe. Consider using strcpy_s instead. To disable deprecation, use _CRT_SECURE_NO_WARNINGS. See online help for details.
  (compiling source file '/Source/MAsyncDBJob_WinTheClanGame.cpp')
  
E:\2ITSOURCE2026\CSCommon\Source\MAsyncDBJob_WinTheClanGame.cpp(50,2): warning C4996: 'strcpy': This function or variable may be unsafe. Consider using strcpy_s instead. To disable deprecation, use _CRT_SECURE_NO_WARNINGS. See online help for details.
  (compiling source file '/Source/MAsyncDBJob_WinTheClanGame.cpp')
  
  MAsyncProxy.cpp
E:\2ITSOURCE2026\CSCommon\Source\MAsyncProxy.cpp(15,18): warning C4302: 'type cast': truncation from 'HANDLE' to 'BYTE'
  (compiling source file '/Source/MAsyncProxy.cpp')
  
E:\2ITSOURCE2026\CSCommon\Source\MAsyncProxy.cpp(107,3): warning C4996: 'sprintf': This function or variable may be unsafe. Consider using sprintf_s instead. To disable deprecation, use _CRT_SECURE_NO_WARNINGS. See online help for details.
  (compiling source file '/Source/MAsyncProxy.cpp')
  
E:\2ITSOURCE2026\CSCommon\Source\MAsyncProxy.cpp(178,12): warning C4996: 'localtime': This function or variable may be unsafe. Consider using localtime_s instead. To disable deprecation, use _CRT_SECURE_NO_WARNINGS. See online help for details.
  (compiling source file '/Source/MAsyncProxy.cpp')
  
E:\2ITSOURCE2026\CSCommon\Source\MAsyncProxy.cpp(184,3): warning C4996: 'sprintf': This function or variable may be unsafe. Consider using sprintf_s instead. To disable deprecation, use _CRT_SECURE_NO_WARNINGS. See online help for details.
  (compiling source file '/Source/MAsyncProxy.cpp')
  
  MCommandCommunicator.cpp
E:\2ITSOURCE2026\CSCommon\Source\MCommandCommunicator.cpp(236,3): warning C4996: 'vsprintf': This function or variable may be unsafe. Consider using vsprintf_s instead. To disable deprecation, use _CRT_SECURE_NO_WARNINGS. See online help for details.
  (compiling source file '/Source/MCommandCommunicator.cpp')
  
  MXmlParser.cpp
  MBaseLocale.cpp
E:\2ITSOURCE2026\CSCommon\Source\MBaseLocale.cpp(52,11): warning C4996: 'stricmp': The POSIX name for this item is deprecated. Instead, use the ISO C and C++ conformant name: _stricmp. See online help for details.
  (compiling source file '/Source/MBaseLocale.cpp')
  
E:\2ITSOURCE2026\CSCommon\Source\MBaseLocale.cpp(54,16): warning C4996: 'stricmp': The POSIX name for this item is deprecated. Instead, use the ISO C and C++ conformant name: _stricmp. See online help for details.
  (compiling source file '/Source/MBaseLocale.cpp')
  
E:\2ITSOURCE2026\CSCommon\Source\MBaseLocale.cpp(56,16): warning C4996: 'stricmp': The POSIX name for this item is deprecated. Instead, use the ISO C and C++ conformant name: _stricmp. See online help for details.
  (compiling source file '/Source/MBaseLocale.cpp')
  
E:\2ITSOURCE2026\CSCommon\Source\MBaseLocale.cpp(58,16): warning C4996: 'stricmp': The POSIX name for this item is deprecated. Instead, use the ISO C and C++ conformant name: _stricmp. See online help for details.
  (compiling source file '/Source/MBaseLocale.cpp')
  
E:\2ITSOURCE2026\CSCommon\Source\MBaseLocale.cpp(60,16): warning C4996: 'stricmp': The POSIX name for this item is deprecated. Instead, use the ISO C and C++ conformant name: _stricmp. See online help for details.
  (compiling source file '/Source/MBaseLocale.cpp')
  
E:\2ITSOURCE2026\CSCommon\Source\MBaseLocale.cpp(62,16): warning C4996: 'stricmp': The POSIX name for this item is deprecated. Instead, use the ISO C and C++ conformant name: _stricmp. See online help for details.
  (compiling source file '/Source/MBaseLocale.cpp')
  
E:\2ITSOURCE2026\CSCommon\Source\MBaseLocale.cpp(80,11): warning C4996: 'stricmp': The POSIX name for this item is deprecated. Instead, use the ISO C and C++ conformant name: _stricmp. See online help for details.
  (compiling source file '/Source/MBaseLocale.cpp')
  
E:\2ITSOURCE2026\CSCommon\Source\MBaseLocale.cpp(82,16): warning C4996: 'stricmp': The POSIX name for this item is deprecated. Instead, use the ISO C and C++ conformant name: _stricmp. See online help for details.
  (compiling source file '/Source/MBaseLocale.cpp')
  
E:\2ITSOURCE2026\CSCommon\Source\MBaseLocale.cpp(84,16): warning C4996: 'stricmp': The POSIX name for this item is deprecated. Instead, use the ISO C and C++ conformant name: _stricmp. See online help for details.
  (compiling source file '/Source/MBaseLocale.cpp')
  
E:\2ITSOURCE2026\CSCommon\Source\MBaseLocale.cpp(86,16): warning C4996: 'stricmp': The POSIX name for this item is deprecated. Instead, use the ISO C and C++ conformant name: _stricmp. See online help for details.
  (compiling source file '/Source/MBaseLocale.cpp')
  
E:\2ITSOURCE2026\CSCommon\Source\MBaseLocale.cpp(88,16): warning C4996: 'stricmp': The POSIX name for this item is deprecated. Instead, use the ISO C and C++ conformant name: _stricmp. See online help for details.
  (compiling source file '/Source/MBaseLocale.cpp')
  
E:\2ITSOURCE2026\CSCommon\Source\MBaseLocale.cpp(90,16): warning C4996: 'stricmp': The POSIX name for this item is deprecated. Instead, use the ISO C and C++ conformant name: _stricmp. See online help for details.
  (compiling source file '/Source/MBaseLocale.cpp')
  
E:\2ITSOURCE2026\CSCommon\Source\MBaseLocale.cpp(92,16): warning C4996: 'stricmp': The POSIX name for this item is deprecated. Instead, use the ISO C and C++ conformant name: _stricmp. See online help for details.
  (compiling source file '/Source/MBaseLocale.cpp')
  
  MMatchLocale.cpp
E:\2ITSOURCE2026\CSCommon\Source\MMatchLocale.cpp(69,3): warning C4996: 'strcpy': This function or variable may be unsafe. Consider using strcpy_s instead. To disable deprecation, use _CRT_SECURE_NO_WARNINGS. See online help for details.
  (compiling source file '/Source/MMatchLocale.cpp')
  
  MNJ_DBAgentClient.cpp
E:\2ITSOURCE2026\CSCommon\Source\MNJ_DBAgentClient.cpp(57,2): warning C4996: 'strcpy': This function or variable may be unsafe. Consider using strcpy_s instead. To disable deprecation, use _CRT_SECURE_NO_WARNINGS. See online help for details.
  (compiling source file '/Source/MNJ_DBAgentClient.cpp')
  
E:\2ITSOURCE2026\CSCommon\Source\MNJ_DBAgentClient.cpp(58,2): warning C4996: 'strcpy': This function or variable may be unsafe. Consider using strcpy_s instead. To disable deprecation, use _CRT_SECURE_NO_WARNINGS. See online help for details.
  (compiling source file '/Source/MNJ_DBAgentClient.cpp')
  
  MBaseStringResManager.cpp
E:\2ITSOURCE2026\CSCommon\Source\MBaseStringResManager.cpp(88,6): warning C4996: 'strnicmp': The POSIX name for this item is deprecated. Instead, use the ISO C and C++ conformant name: _strnicmp. See online help for details.
  (compiling source file '/Source/MBaseStringResManager.cpp')
  
E:\2ITSOURCE2026\CSCommon\Include\MStringRes.h(95,8): warning C4996: 'stricmp': The POSIX name for this item is deprecated. Instead, use the ISO C and C++ conformant name: _stricmp. See online help for details.
  (compiling source file '/Source/MBaseStringResManager.cpp')
      E:\2ITSOURCE2026\CSCommon\Include\MStringRes.h(95,8):
      the template instantiation context (the oldest one first) is
          E:\2ITSOURCE2026\CSCommon\Include\MBaseStringResManager.h(20,24):
          see reference to class template instantiation 'MStringRes<std::string>' being compiled
          E:\2ITSOURCE2026\CSCommon\Include\MStringRes.h(37,7):
          while compiling class template member function 'bool MStringRes<std::string>::Initialize(const char *,const int,MZFileSystem *)'
              E:\2ITSOURCE2026\CSCommon\Source\MBaseStringResManager.cpp(44,2):
              see the first reference to 'MStringRes<std::string>::Initialize' in 'MBaseStringResManager::Init'
  
E:\2ITSOURCE2026\CSCommon\Include\MStringRes.h(96,5): warning C4996: 'stricmp': The POSIX name for this item is deprecated. Instead, use the ISO C and C++ conformant name: _stricmp. See online help for details.
  (compiling source file '/Source/MBaseStringResManager.cpp')
  
E:\2ITSOURCE2026\CSCommon\Include\MStringRes.h(97,5): warning C4996: 'stricmp': The POSIX name for this item is deprecated. Instead, use the ISO C and C++ conformant name: _stricmp. See online help for details.
  (compiling source file '/Source/MBaseStringResManager.cpp')
  
  MMatchStringResManager.cpp
  MConnectHistory.cpp
  MHackingTypes.cpp
  Generating Code...
  Compiling...
  SkillMap.cpp
  TestCRC32XORCache.cpp
E:\2ITSOURCE2026\CSCommon\Include\MMatchWorldItemDesc.h(23,1): warning C4067: unexpected tokens following preprocessor directive - expected a newline
  (compiling source file '/Source/TestCRC32XORCache.cpp')
  
E:\2ITSOURCE2026\CSCommon\Source\TestCRC32XORCache.cpp(55,3): warning C4996: 'sprintf': This function or variable may be unsafe. Consider using sprintf_s instead. To disable deprecation, use _CRT_SECURE_NO_WARNINGS. See online help for details.
  (compiling source file '/Source/TestCRC32XORCache.cpp')
  
  MMatchDebug.cpp
  Generating Code...
  CSCommon.vcxproj -> E:\2ITSOURCE2026\CSCommon\Runtime\Lib\CSCommon.lib
